S 1.00000000000000000000000000000000000000000000000000000000000e+00 1.00000000000000000000000000000000000000000000000000000000000e+00 1.00000000000000000000000000000000000000000000000000000000000e+00 -1 2.97320959824737870252818566763957179801974547921061087877759e+00
S 1.00000000000000000000000000000000000000000000000000000000000e+00 1.00000000000000000000000000000000000000000000000000000000000e+00 1.00000000000000000000000000000000000000000000000000000000000e+00 1 5.21405433164720678330982356607243974914031567779008341796211e-01
S 1.00000000000000000000000000000000000000000000000000000000000e+00 1.00000000000000000000000000000000000000000000000000000000000e+00 1.00000000000000000000000000000000000000000000000000000000000e+00 3 2.40716551846442949331016686362573837263218041785249813665823e-01
S 1.00000000000000000000000000000000000000000000000000000000000e+00 1.00000000000000000000000000000000000000000000000000000000000e+00 1.00000000000000000000000000000000000000000000000000000000000e+00 5 1.57638295108249379660705056043054180200251251661002780581147e-01
S 1.00000000000000000000000000000000000000000000000000000000000e+00 1.00000000000000000000000000000000000000000000000000000000000e+00 1.00000000000000000000000000000000000000000000000000000000000e+00 7 1.25896974358881040766252810354942596662767095612123815413285e-01
S 1.00000000000000000000000000000000000000000000000000000000000e+00 1.00000000000000000000000000000000000000000000000000000000000e+00 1.00000000000000000000000000000000000000000000000000000000000e+00 9 1.15317969799424865447233043501624576889833824362588873034464e-01
S 1.00000000000000000000000000000000000000000000000000000000000e+00 1.00000000000000000000000000000000000000000000000000000000000e+00 1.00000000000000000000000000000000000000000000000000000000000e+00 11 1.17302963800717921391952463088519659739954158529762729957202e-01
Ef 1.00000000000000000000000000000000000000000000000000000000000e+00 1.00000000000000000000000000000000000000000000000000000000000e+00 1.00000000000000000000000000000000000000000000000000000000000e+00 -1 1.11212868984900627843411401871865204093106726529345144404774e+00
Ef 1.00000000000000000000000000000000000000000000000000000000000e+00 1.00000000000000000000000000000000000000000000000000000000000e+00 1.00000000000000000000000000000000000000000000000000000000000e+00 1 1.08813824986125402601338003988221876159370331865944832353717e+00
Ef 1.00000000000000000000000000000000000000000000000000000000000e+00 1.00000000000000000000000000000000000000000000000000000000000e+00 1.00000000000000000000000000000000000000000000000000000000000e+00 3 1.77673585682929666244698584858885004047476839197033405468689e+00
Ef 1.00000000000000000000000000000000000000000000000000000000000e+00 1.00000000000000000000000000000000000000000000000000000000000e+00 1.00000000000000000000000000000000000000000000000000000000000e+00 5 3.76213002783384977334288297579776954778654316591658889840605e+00
Ef 1.00000000000000000000000000000000000000000000000000000000000e+00 1.00000000000000000000000000000000000000000000000000000000000e+00 1.00000000000000000000000000000000000000000000000000000000000e+00 7 9.35566191676520134651471412530880801793928751529351740508753e+00
Ef 1.00000000000000000000000000000000000000000000000000000000000e+00 1.00000000000000000000000000000000000000000000000000000000000e+00 1.00000000000000000000000000000000000000000000000000000000000e+00 9 2.58979173707059836699406544994985681435874406440006274271850e+01
Ef 1.00000000000000000000000000000000000000000000000000000000000e+00 1.00000000000000000000000000000000000000000000000000000000000e+00 1.00000000000000000000000000000000000000000000000000000000000e+00 11 7.72852237262508725421459137558725412924811201337082170543788e+01
Ec 1.00000000000000000000000000000000000000000000000000000000000e+00 1.00000000000000000000000000000000000000000000000000000000000e+00 1.00000000000000000000000000000000000000000000000000000000000e+00 -1 1.34889024636117099753306151269366385440497759701878821759553e+00
Ec 1.00000000000000000000000000000000000000000000000000000000000e+00 1.00000000000000000000000000000000000000000000000000000000000e+00 1.00000000000000000000000000000000000000000000000000000000000e+00 1 8.70776823643906561931158824127215475339987105663524392920522e-01
Ec 1.00000000000000000000000000000000000000000000000000000000000e+00 1.00000000000000000000000000000000000000000000000000000000000e+00 1.00000000000000000000000000000000000000000000000000000000000e+00 3 8.50569307739098089634881492981973255416477796389177942776993e-01
Ec 1.00000000000000000000000000000000000000000000000000000000000e+00 1.00000000000000000000000000000000000000000000000000000000000e+00 1.00000000000000000000000000000000000000000000000000000000000e+00 5 1.01427763358141860126918511812188404202297521583726157446144e+00
Ec 1.00000000000000000000000000000000000000000000000000000000000e+00 1.00000000000000000000000000000000000000000000000000000000000e+00 1.00000000000000000000000000000000000000000000000000000000000e+00 7 1.37737217233894910122658195982699219305735448726139779102514e+00
Ec 1.00000000000000000000000000000000000000000000000000000000000e+00 1.00000000000000000000000000000000000000000000000000000000000e+00 1.00000000000000000000000000000000000000000000000000000000000e+00 9 2.05995292073355951561678163914738224794311322519842304268850e+00
Ec 1.00000000000000000000000000000000000000000000000000000000000e+00 1.00000000000000000000000000000000000000000000000000000000000e+00 1.00000000000000000000000000000000000000000000000000000000000e+00 11 3.32516159218710288959756563590983805522147864423261773025775e+00
Vc 1.00000000000000000000000000000000000000000000000000000000000e+00 1.00000000000000000000000000000000000000000000000000000000000e+00 1.00000000000000000000000000000000000000000000000000000000000e+00 -1 7.48952218549366145659957630202267716157610948623707990682122e-01
Vc 1.00000000000000000000000000000000000000000000000000000000000e+00 1.00000000000000000000000000000000000000000000000000000000000e+00 1.00000000000000000000000000000000000000000000000000000000000e+00 1 1.47356153243053669629011641648627030121081433713416174549913e+00
Vc 1.00000000000000000000000000000000000000000000000000000000000e+00 1.00000000000000000000000000000000000000000000000000000000000e+00 1.00000000000000000000000000000000000000000000000000000000000e+00 3 3.90874139358113810436754558006208887421022251140207611426672e+00
Vc 1.00000000000000000000000000000000000000000000000000000000000e+00 1.00000000000000000000000000000000000000000000000000000000000e+00 1.00000000000000000000000000000000000000000000000000000000000e+00 5 1.24958034230799716702237761658723417898588226291141753369935e+01
Vc 1.00000000000000000000000000000000000000000000000000000000000e+00 1.00000000000000000000000000000000000000000000000000000000000e+00 1.00000000000000000000000000000000000000000000000000000000000e+00 7 4.56220300638578091385257578407580508587954108272082348660138e+01
Vc 1.00000000000000000000000000000000000000000000000000000000000e+00 1.00000000000000000000000000000000000000000000000000000000000e+00 1.00000000000000000000000000000000000000000000000000000000000e+00 9 1.84260049438010732230604731048828372606314957182218168247178e+02
Vc 1.00000000000000000000000000000000000000000000000000000000000e+00 1.00000000000000000000000000000000000000000000000000000000000e+00 1.00000000000000000000000000000000000000000000000000000000000e+00 11 8.06258129039178749037190797646319450345002272249870086970685e+02
Vp 1.00000000000000000000000000000000000000000000000000000000000e+00 1.00000000000000000000000000000000000000000000000000000000000e+00 1.00000000000000000000000000000000000000000000000000000000000e+00 -1 8.43851923577522489739654075189282185267165055402944283361834e-01
Vp 1.00000000000000000000000000000000000000000000000000000000000e+00 1.00000000000000000000000000000000000000000000000000000000000e+00 1.00000000000000000000000000000000000000000000000000000000000e+00 1 1.30615815453225495172648586323975682118229649363642134974356e+00
Vp 1.00000000000000000000000000000000000000000000000000000000000e+00 1.00000000000000000000000000000000000000000000000000000000000e+00 1.00000000000000000000000000000000000000000000000000000000000e+00 3 2.72459898987312649930132701076850160736643123205989844634183e+00
Vp 1.00000000000000000000000000000000000000000000000000000000000e+00 1.00000000000000000000000000000000000000000000000000000000000e+00 1.00000000000000000000000000000000000000000000000000000000000e+00 5 6.87936803702526977901303583157716380076992083755538393701180e+00
Vp 1.00000000000000000000000000000000000000000000000000000000000e+00 1.00000000000000000000000000000000000000000000000000000000000e+00 1.00000000000000000000000000000000000000000000000000000000000e+00 7 1.99006994604521136881483882508878465826310639145952642652512e+01
Vp 1.00000000000000000000000000000000000000000000000000000000000e+00 1.00000000000000000000000000000000000000000000000000000000000e+00 1.00000000000000000000000000000000000000000000000000000000000e+00 9 6.36606664479147127756326626493888286901987115501576788484605e+01
Vp 1.00000000000000000000000000000000000000000000000000000000000e+00 1.00000000000000000000000000000000000000000000000000000000000e+00 1.00000000000000000000000000000000000000000000000000000000000e+00 11 2.19772370381154205520317372624037672440523157260476681109735e+02
P1 1.00000000000000000000000000000000000000000000000000000000000e+00 1.00000000000000000000000000000000000000000000000000000000000e+00 1.00000000000000000000000000000000000000000000000000000000000e+00 -1 8.78814495854183210219756745453236541888299212960540331460980e-01
P1 1.00000000000000000000000000000000000000000000000000000000000e+00 1.00000000000000000000000000000000000000000000000000000000000e+00 1.00000000000000000000000000000000000000000000000000000000000e+00 1 1.14884298129460739836618263623003317086485252788257766198052e+00
P1 1.00000000000000000000000000000000000000000000000000000000000e+00 1.00000000000000000000000000000000000000000000000000000000000e+00 1.00000000000000000000000000000000000000000000000000000000000e+00 3 1.56413091638079541964267895285940100075601831336715702328371e+00
P1 1.00000000000000000000000000000000000000000000000000000000000e+00 1.00000000000000000000000000000000000000000000000000000000000e+00 1.00000000000000000000000000000000000000000000000000000000000e+00 5 2.22697502316541095390329044137109335620938854287928144491101e+00
P1 1.00000000000000000000000000000000000000000000000000000000000e+00 1.00000000000000000000000000000000000000000000000000000000000e+00 1.00000000000000000000000000000000000000000000000000000000000e+00 7 3.32506780362706995079245036650115399085251442969199975718037e+00
P1 1.00000000000000000000000000000000000000000000000000000000000e+00 1.00000000000000000000000000000000000000000000000000000000000e+00 1.00000000000000000000000000000000000000000000000000000000000e+00 9 5.21217748498184776296575893146842617097556404286504517377346e+00
P1 1.00000000000000000000000000000000000000000000000000000000000e+00 1.00000000000000000000000000000000000000000000000000000000000e+00 1.00000000000000000000000000000000000000000000000000000000000e+00 11 8.57283901220511472594976619843923433346727909454382620366017e+00
P2 1.00000000000000000000000000000000000000000000000000000000000e+00 1.00000000000000000000000000000000000000000000000000000000000e+00 1.00000000000000000000000000000000000000000000000000000000000e+00 -1 4.81095323488960097590198637371757272540350992197985923779475e-01
P2 1.00000000000000000000000000000000000000000000000000000000000e+00 1.00000000000000000000000000000000000000000000000000000000000e+00 1.00000000000000000000000000000000000000000000000000000000000e+00 1 2.08062056535836663069218289009001940014576157535557246043655e+00
P2 1.00000000000000000000000000000000000000000000000000000000000e+00 1.00000000000000000000000000000000000000000000000000000000000e+00 1.00000000000000000000000000000000000000000000000000000000000e+00 3 9.03441561582925123016198752697085899832152115240916360541003e+00
P2 1.00000000000000000000000000000000000000000000000000000000000e+00 1.00000000000000000000000000000000000000000000000000000000000e+00 1.00000000000000000000000000000000000000000000000000000000000e+00 5 3.93960356527835749201979670935115221479599848728210008697882e+01
P2 1.00000000000000000000000000000000000000000000000000000000000e+00 1.00000000000000000000000000000000000000000000000000000000000e+00 1.00000000000000000000000000000000000000000000000000000000000e+00 7 1.72564474568944305391512834307048868743071723601590578840666e+02
P2 1.00000000000000000000000000000000000000000000000000000000000e+00 1.00000000000000000000000000000000000000000000000000000000000e+00 1.00000000000000000000000000000000000000000000000000000000000e+00 9 7.59448224637777806797872962343857302701468815056773732648576e+02
P2 1.00000000000000000000000000000000000000000000000000000000000e+00 1.00000000000000000000000000000000000000000000000000000000000e+00 1.00000000000000000000000000000000000000000000000000000000000e+00 11 3.35887341549195875358828166809515566400363810682757722744351e+03
P1s 1.00000000000000000000000000000000000000000000000000000000000e+00 1.00000000000000000000000000000000000000000000000000000000000e+00 1.00000000000000000000000000000000000000000000000000000000000e+00 -1 6.87959707342013183514396315192438044235192753921572409138962e-01
P1s 1.00000000000000000000000000000000000000000000000000000000000e+00 1.00000000000000000000000000000000000000000000000000000000000e+00 1.00000000000000000000000000000000000000000000000000000000000e+00 1 1.50249583267827501378984407122296241656676423910852464969542e+00
P1s 1.00000000000000000000000000000000000000000000000000000000000e+00 1.00000000000000000000000000000000000000000000000000000000000e+00 1.00000000000000000000000000000000000000000000000000000000000e+00 3 3.74221163387910095777162248502203396327288254307618244845766e+00
P1s 1.00000000000000000000000000000000000000000000000000000000000e+00 1.00000000000000000000000000000000000000000000000000000000000e+00 1.00000000000000000000000000000000000000000000000000000000000e+00 5 1.05330054331053682912273430891667027006308571075477716667394e+01
P1s 1.00000000000000000000000000000000000000000000000000000000000e+00 1.00000000000000000000000000000000000000000000000000000000000e+00 1.00000000000000000000000000000000000000000000000000000000000e+00 7 3.29358725542578731801096637139615788998857146298862879718895e+01
P1s 1.00000000000000000000000000000000000000000000000000000000000e+00 1.00000000000000000000000000000000000000000000000000000000000e+00 1.00000000000000000000000000000000000000000000000000000000000e+00 9 1.12200476756602841157331405192179660960695144492378427581186e+02
P1s 1.00000000000000000000000000000000000000000000000000000000000e+00 1.00000000000000000000000000000000000000000000000000000000000e+00 1.00000000000000000000000000000000000000000000000000000000000e+00 11 4.09014624784218655398165583421293960078622864195553186464069e+02
P1s-b 1.00000000000000000000000000000000000000000000000000000000000e+00 1.00000000000000000000000000000000000000000000000000000000000e+00 1.00000000000000000000000000000000000000000000000000000000000e+00 -1 5.75715223448456432765681365184463101094674487101219506324949e-01
P1s-b 1.00000000000000000000000000000000000000000000000000000000000e+00 1.00000000000000000000000000000000000000000000000000000000000e+00 1.00000000000000000000000000000000000000000000000000000000000e+00 1 1.79675767444103062015759925374271101593951921932199848145923e+00
P1s-b 1.00000000000000000000000000000000000000000000000000000000000e+00 1.00000000000000000000000000000000000000000000000000000000000e+00 1.00000000000000000000000000000000000000000000000000000000000e+00 3 6.37177751514942360063458512891097196573628619552681448594642e+00
P1s-b 1.00000000000000000000000000000000000000000000000000000000000e+00 1.00000000000000000000000000000000000000000000000000000000000e+00 1.00000000000000000000000000000000000000000000000000000000000e+00 5 2.52459028067545072766321831326164643708378188061770095179840e+01
P1s-b 1.00000000000000000000000000000000000000000000000000000000000e+00 1.00000000000000000000000000000000000000000000000000000000000e+00 1.00000000000000000000000000000000000000000000000000000000000e+00 7 1.09872578067600796695795963904482324781141900994742715623352e+02
P1s-b 1.00000000000000000000000000000000000000000000000000000000000e+00 1.00000000000000000000000000000000000000000000000000000000000e+00 1.00000000000000000000000000000000000000000000000000000000000e+00 9 5.17414758178825246502604804019661626279174335182114884920056e+02
P1s-b 1.00000000000000000000000000000000000000000000000000000000000e+00 1.00000000000000000000000000000000000000000000000000000000000e+00 1.00000000000000000000000000000000000000000000000000000000000e+00 11 2.60408879598560753770707603180695509067640254038385230783358e+03
P2s 1.00000000000000000000000000000000000000000000000000000000000e+00 1.00000000000000000000000000000000000000000000000000000000000e+00 1.00000000000000000000000000000000000000000000000000000000000e+00 -1 4.37027719935929801488954876684028662602254704072181858587355e-01
P2s 1.00000000000000000000000000000000000000000000000000000000000e+00 1.00000000000000000000000000000000000000000000000000000000000e+00 1.00000000000000000000000000000000000000000000000000000000000e+00 1 2.30215240034730393880818320113028580672668045946367023694956e+00
P2s 1.00000000000000000000000000000000000000000000000000000000000e+00 1.00000000000000000000000000000000000000000000000000000000000e+00 1.00000000000000000000000000000000000000000000000000000000000e+00 3 1.24357340233279810252565513989250393637361444754844397781633e+01
P2s 1.00000000000000000000000000000000000000000000000000000000000e+00 1.00000000000000000000000000000000000000000000000000000000000e+00 1.00000000000000000000000000000000000000000000000000000000000e+00 5 6.89745258307173700244352303310311468415641306109978874503329e+01
P2s 1.00000000000000000000000000000000000000000000000000000000000e+00 1.00000000000000000000000000000000000000000000000000000000000e+00 1.00000000000000000000000000000000000000000000000000000000000e+00 7 3.93128770387497756326513830445569287677690607024228770328349e+02
P2s 1.00000000000000000000000000000000000000000000000000000000000e+00 1.00000000000000000000000000000000000000000000000000000000000e+00 1.00000000000000000000000000000000000000000000000000000000000e+00 9 2.30303200795128830822600007415647555444274106386906552175340e+03
P2s 1.00000000000000000000000000000000000000000000000000000000000e+00 1.00000000000000000000000000000000000000000000000000000000000e+00 1.00000000000000000000000000000000000000000000000000000000000e+00 11 1.38613048250599849506417243780408407421564564802378295464651e+04
P2s-b 1.00000000000000000000000000000000000000000000000000000000000e+00 1.00000000000000000000000000000000000000000000000000000000000e+00 1.00000000000000000000000000000000000000000000000000000000000e+00 -1 4.02478228347546719871405100166658486031738025578731021967775e-01
P2s-b 1.00000000000000000000000000000000000000000000000000000000000e+00 1.00000000000000000000000000000000000000000000000000000000000e+00 1.00000000000000000000000000000000000000000000000000000000000e+00 1 2.50581848430388467862091179748967435331969772877770836150849e+00
P2s-b 1.00000000000000000000000000000000000000000000000000000000000e+00 1.00000000000000000000000000000000000000000000000000000000000e+00 1.00000000000000000000000000000000000000000000000000000000000e+00 3 1.61463056617002401478906361666798942983987759243709815833421e+01
P2s-b 1.00000000000000000000000000000000000000000000000000000000000e+00 1.00000000000000000000000000000000000000000000000000000000000e+00 1.00000000000000000000000000000000000000000000000000000000000e+00 5 1.07707715650954287130552748739926133763713487393731249178156e+02
P2s-b 1.00000000000000000000000000000000000000000000000000000000000e+00 1.00000000000000000000000000000000000000000000000000000000000e+00 1.00000000000000000000000000000000000000000000000000000000000e+00 7 7.43612700113119996761194092450403399218034450352255756178983e+02
P2s-b 1.00000000000000000000000000000000000000000000000000000000000e+00 1.00000000000000000000000000000000000000000000000000000000000e+00 1.00000000000000000000000000000000000000000000000000000000000e+00 9 5.30902724870246979530400118099052838657100421699270773973268e+03
P2s-b 1.00000000000000000000000000000000000000000000000000000000000e+00 1.00000000000000000000000000000000000000000000000000000000000e+00 1.00000000000000000000000000000000000000000000000000000000000e+00 11 3.91472141223723711801087542734373705114473992751997879400105e+04
Xg 1.00000000000000000000000000000000000000000000000000000000000e+00 1.00000000000000000000000000000000000000000000000000000000000e+00 1.00000000000000000000000000000000000000000000000000000000000e+00 -1 6.21768571986491125754403879696071929172526293117287555837550e-01
Xg 1.00000000000000000000000000000000000000000000000000000000000e+00 1.00000000000000000000000000000000000000000000000000000000000e+00 1.00000000000000000000000000000000000000000000000000000000000e+00 1 1.65916638656757690189150284425036670899058043440060133762843e+00
Xg 1.00000000000000000000000000000000000000000000000000000000000e+00 1.00000000000000000000000000000000000000000000000000000000000e+00 1.00000000000000000000000000000000000000000000000000000000000e+00 3 4.96654388558100960035975861876816941508049297005683466635474e+00
Xg 1.00000000000000000000000000000000000000000000000000000000000e+00 1.00000000000000000000000000000000000000000000000000000000000e+00 1.00000000000000000000000000000000000000000000000000000000000e+00 5 1.63203992770426926469176309344402402505645615073168960545184e+01
Xg 1.00000000000000000000000000000000000000000000000000000000000e+00 1.00000000000000000000000000000000000000000000000000000000000e+00 1.00000000000000000000000000000000000000000000000000000000000e+00 7 5.76447180257235535829556696970903073856591592090107062444738e+01
Xg 1.00000000000000000000000000000000000000000000000000000000000e+00 1.00000000000000000000000000000000000000000000000000000000000e+00 1.00000000000000000000000000000000000000000000000000000000000e+00 9 2.15132572031288147457005702449794666916797982702519582242243e+02
Xg 1.00000000000000000000000000000000000000000000000000000000000e+00 1.00000000000000000000000000000000000000000000000000000000000e+00 1.00000000000000000000000000000000000000000000000000000000000e+00 11 8.37686208914523896018992108768918537795109038599211760100881e+02
Xg-b 1.00000000000000000000000000000000000000000000000000000000000e+00 1.00000000000000000000000000000000000000000000000000000000000e+00 1.00000000000000000000000000000000000000000000000000000000000e+00 -1 5.33514899579630746230741463871835164412816351459484857906862e-01
Xg-b 1.00000000000000000000000000000000000000000000000000000000000e+00 1.00000000000000000000000000000000000000000000000000000000000e+00 1.00000000000000000000000000000000000000000000000000000000000e+00 1 1.93121398391980525164753643927860186292705347041026297892687e+00
Xg-b 1.00000000000000000000000000000000000000000000000000000000000e+00 1.00000000000000000000000000000000000000000000000000000000000e+00 1.00000000000000000000000000000000000000000000000000000000000e+00 3 7.80181166641679293052017211081921494556205730453554786399295e+00
Xg-b 1.00000000000000000000000000000000000000000000000000000000000e+00 1.00000000000000000000000000000000000000000000000000000000000e+00 1.00000000000000000000000000000000000000000000000000000000000e+00 5 3.45308287281968240437098592041884465500127272979003922011158e+01
Xg-b 1.00000000000000000000000000000000000000000000000000000000000e+00 1.00000000000000000000000000000000000000000000000000000000000e+00 1.00000000000000000000000000000000000000000000000000000000000e+00 7 1.64839547748358076378493633055572105173594237202220093674824e+02
Xg-b 1.00000000000000000000000000000000000000000000000000000000000e+00 1.00000000000000000000000000000000000000000000000000000000000e+00 1.00000000000000000000000000000000000000000000000000000000000e+00 9 8.38246750935027057145834898174238838934749096144075073590678e+02
Xg-b 1.00000000000000000000000000000000000000000000000000000000000e+00 1.00000000000000000000000000000000000000000000000000000000000e+00 1.00000000000000000000000000000000000000000000000000000000000e+00 11 4.49717500928953395982973481817600885274240388404648539572032e+03
Xg-c 1.00000000000000000000000000000000000000000000000000000000000e+00 1.00000000000000000000000000000000000000000000000000000000000e+00 1.00000000000000000000000000000000000000000000000000000000000e+00 -1 4.67231345869955842388734851429955380204940803429094746227145e-01
Xg-c 1.00000000000000000000000000000000000000000000000000000000000e+00 1.00000000000000000000000000000000000000000000000000000000000e+00 1.00000000000000000000000000000000000000000000000000000000000e+00 1 2.17967552176340651962618149051718041976002494668832040384239e+00
Xg-c 1.00000000000000000000000000000000000000000000000000000000000e+00 1.00000000000000000000000000000000000000000000000000000000000e+00 1.00000000000000000000000000000000000000000000000000000000000e+00 3 1.08912507075996389854693697968635848767828840814299124143434e+01
Xg-c 1.00000000000000000000000000000000000000000000000000000000000e+00 1.00000000000000000000000000000000000000000000000000000000000e+00 1.00000000000000000000000000000000000000000000000000000000000e+00 5 5.77713252989312618740146794895868796910277506954365918699234e+01
Xg-c 1.00000000000000000000000000000000000000000000000000000000000e+00 1.00000000000000000000000000000000000000000000000000000000000e+00 1.00000000000000000000000000000000000000000000000000000000000e+00 7 3.22521520780842848669025207195874200442823924499811112034913e+02
Xg-c 1.00000000000000000000000000000000000000000000000000000000000e+00 1.00000000000000000000000000000000000000000000000000000000000e+00 1.00000000000000000000000000000000000000000000000000000000000e+00 9 1.88067219032757036299227477391595568167568092438440478272693e+03
Xg-c 1.00000000000000000000000000000000000000000000000000000000000e+00 1.00000000000000000000000000000000000000000000000000000000000e+00 1.00000000000000000000000000000000000000000000000000000000000e+00 11 1.13809073547933026888188226082189006772448235863732544365798e+04
Xg-d 1.00000000000000000000000000000000000000000000000000000000000e+00 1.00000000000000000000000000000000000000000000000000000000000e+00 1.00000000000000000000000000000000000000000000000000000000000e+00 -1 4.25020526503790916500504924325939810572141643070780795708792e-01
Xg-d 1.00000000000000000000000000000000000000000000000000000000000e+00 1.00000000000000000000000000000000000000000000000000000000000e+00 1.00000000000000000000000000000000000000000000000000000000000e+00 1 2.39505793738817265053663644109335774532221733500639550711129e+00
Xg-d 1.00000000000000000000000000000000000000000000000000000000000e+00 1.00000000000000000000000000000000000000000000000000000000000e+00 1.00000000000000000000000000000000000000000000000000000000000e+00 3 1.44333055860948091004669757910574598858036853098436344735700e+01
Xg-d 1.00000000000000000000000000000000000000000000000000000000000e+00 1.00000000000000000000000000000000000000000000000000000000000e+00 1.00000000000000000000000000000000000000000000000000000000000e+00 5 9.22876472168261782893595095226590136229064308950751491694629e+01
Xg-d 1.00000000000000000000000000000000000000000000000000000000000e+00 1.00000000000000000000000000000000000000000000000000000000000e+00 1.00000000000000000000000000000000000000000000000000000000000e+00 7 6.21660980513286708274721143950926141353711859231541964079959e+02
Xg-d 1.00000000000000000000000000000000000000000000000000000000000e+00 1.00000000000000000000000000000000000000000000000000000000000e+00 1.00000000000000000000000000000000000000000000000000000000000e+00 9 4.38441570769581073147713217449511878325807486355979058656817e+03
Xg-d 1.00000000000000000000000000000000000000000000000000000000000e+00 1.00000000000000000000000000000000000000000000000000000000000e+00 1.00000000000000000000000000000000000000000000000000000000000e+00 11 3.22057202032187340342403239783780837279331120395378508454807e+04
S 1.00000000000000000000000000000000000000000000000000000000000e-03 1.00000000000000000000000000000000000000000000000000000000000e+00 1.00000000000000000000000000000000000000000000000000000000000e+00 -1 1.62024715024175022229416689236205045687390670895574558066635e-05
S 1.00000000000000000000000000000000000000000000000000000000000e-03 1.00000000000000000000000000000000000000000000000000000000000e+00 1.00000000000000000000000000000000000000000000000000000000000e+00 1 3.33334614105957145902987824508289928050256362602785555399371e-07
S 1.00000000000000000000000000000000000000000000000000000000000e-03 1.00000000000000000000000000000000000000000000000000000000000e+00 1.00000000000000000000000000000000000000000000000000000000000e+00 3 1.00000083333719230835030675633450532614141161185655990345902e-07
S 1.00000000000000000000000000000000000000000000000000000000000e-03 1.00000000000000000000000000000000000000000000000000000000000e+00 1.00000000000000000000000000000000000000000000000000000000000e+00 5 4.76190892857559525547421529553398782225776591421086001767923e-08
S 1.00000000000000000000000000000000000000000000000000000000000e-03 1.00000000000000000000000000000000000000000000000000000000000e+00 1.00000000000000000000000000000000000000000000000000000000000e+00 7 2.77778055555847222482639843369595405033633284542726401378271e-08
S 1.00000000000000000000000000000000000000000000000000000000000e-03 1.00000000000000000000000000000000000000000000000000000000000e+00 1.00000000000000000000000000000000000000000000000000000000000e+00 9 1.81818390151765151749526697443772228714586020503615130293942e-08
S 1.00000000000000000000000000000000000000000000000000000000000e-03 1.00000000000000000000000000000000000000000000000000000000000e+00 1.00000000000000000000000000000000000000000000000000000000000e+00 11 1.28205294872024038707074376345145876654530311212340161702309e-08
Ef 1.00000000000000000000000000000000000000000000000000000000000e-03 1.00000000000000000000000000000000000000000000000000000000000e+00 1.00000000000000000000000000000000000000000000000000000000000e+00 -1 1.34312156135111793185123238817980454321613502914533326018021e-05
Ef 1.00000000000000000000000000000000000000000000000000000000000e-03 1.00000000000000000000000000000000000000000000000000000000000e+00 1.00000000000000000000000000000000000000000000000000000000000e+00 1 3.33341375078592608105145043224754879591618693514082529006801e-07
Ef 1.00000000000000000000000000000000000000000000000000000000000e-03 1.00000000000000000000000000000000000000000000000000000000000e+00 1.00000000000000000000000000000000000000000000000000000000000e+00 3 1.00000583344187729706578883332351266505761897762339263800004e-07
Ef 1.00000000000000000000000000000000000000000000000000000000000e-03 1.00000000000000000000000000000000000000000000000000000000000e+00 1.00000000000000000000000000000000000000000000000000000000000e+00 5 4.76193392870059724728484491252030080536398125383471357227014e-08
Ef 1.00000000000000000000000000000000000000000000000000000000000e-03 1.00000000000000000000000000000000000000000000000000000000000e+00 1.00000000000000000000000000000000000000000000000000000000000e+00 7 2.77779722231263921962250186719188849278388747090481371671845e-08
Ef 1.00000000000000000000000000000000000000000000000000000000000e-03 1.00000000000000000000000000000000000000000000000000000000000e+00 1.00000000000000000000000000000000000000000000000000000000000e+00 9 1.81819640159265181280869667295937425353652007500758514476865e-08
Ef 1.00000000000000000000000000000000000000000000000000000000000e-03 1.00000000000000000000000000000000000000000000000000000000000e+00 1.00000000000000000000000000000000000000000000000000000000000e+00 11 1.28206294878899069644676642249875395853382109195363901122813e-08
Ec 1.00000000000000000000000000000000000000000000000000000000000e-03 1.00000000000000000000000000000000000000000000000000000000000e+00 1.00000000000000000000000000000000000000000000000000000000000e+00 -1 1.76222369311460812842480811640324566998772307098475586808022e-06
Ec 1.00000000000000000000000000000000000000000000000000000000000e-03 1.00000000000000000000000000000000000000000000000000000000000e+00 1.00000000000000000000000000000000000000000000000000000000000e+00 1 7.65195863307462435487583241963448021222202052793959687919274e-07
Ec 1.00000000000000000000000000000000000000000000000000000000000e-03 1.00000000000000000000000000000000000000000000000000000000000e+00 1.00000000000000000000000000000000000000000000000000000000000e+00 3 6.27180976182487890641197974965998424944482345815529429884005e-07
Ec 1.00000000000000000000000000000000000000000000000000000000000e-03 1.00000000000000000000000000000000000000000000000000000000000e+00 1.00000000000000000000000000000000000000000000000000000000000e+00 5 6.42696168970009075045134508375286352893804081611643363966350e-07
Ec 1.00000000000000000000000000000000000000000000000000000000000e-03 1.00000000000000000000000000000000000000000000000000000000000e+00 1.00000000000000000000000000000000000000000000000000000000000e+00 7 7.51660325913827025022702014891669434674078837713608963985066e-07
Ec 1.00000000000000000000000000000000000000000000000000000000000e-03 1.00000000000000000000000000000000000000000000000000000000000e+00 1.00000000000000000000000000000000000000000000000000000000000e+00 9 9.64903200359505918825631099457436998022014654210957934438499e-07
Ec 1.00000000000000000000000000000000000000000000000000000000000e-03 1.00000000000000000000000000000000000000000000000000000000000e+00 1.00000000000000000000000000000000000000000000000000000000000e+00 11 1.32860913463699161920539059484308180882006225601496723979440e-06
Vc 1.00000000000000000000000000000000000000000000000000000000000e-03 1.00000000000000000000000000000000000000000000000000000000000e+00 1.00000000000000000000000000000000000000000000000000000000000e+00 -1 1.38529479861976952517748171058060542936657392994515007568951e-06
Vc 1.00000000000000000000000000000000000000000000000000000000000e-03 1.00000000000000000000000000000000000000000000000000000000000e+00 1.00000000000000000000000000000000000000000000000000000000000e+00 1 1.00000080817190440322523359772571681406458399597343419339614e-06
Vc 1.00000000000000000000000000000000000000000000000000000000000e-03 1.00000000000000000000000000000000000000000000000000000000000e+00 1.00000000000000000000000000000000000000000000000000000000000e+00 3 1.50000175000107377834247948078719124627437766936603491986350e-06
Vc 1.00000000000000000000000000000000000000000000000000000000000e-03 1.00000000000000000000000000000000000000000000000000000000000e+00 1.00000000000000000000000000000000000000000000000000000000000e+00 5 3.00000437500387500196393690852553221917335344560785548928111e-06
Vc 1.00000000000000000000000000000000000000000000000000000000000e-03 1.00000000000000000000000000000000000000000000000000000000000e+00 1.00000000000000000000000000000000000000000000000000000000000e+00 7 7.08334558334689584325521263575942921761504632524987889498318e-06
Vc 1.00000000000000000000000000000000000000000000000000000000000e-03 1.00000000000000000000000000000000000000000000000000000000000e+00 1.00000000000000000000000000000000000000000000000000000000000e+00 9 1.86000371875488250446484654453230763074393930406856217282937e-05
Vc 1.00000000000000000000000000000000000000000000000000000000000e-03 1.00000000000000000000000000000000000000000000000000000000000e+00 1.00000000000000000000000000000000000000000000000000000000000e+00 11 5.25001193501811564464532786993027090125120038585412356004837e-05
Vp 1.00000000000000000000000000000000000000000000000000000000000e-03 1.00000000000000000000000000000000000000000000000000000000000e+00 1.00000000000000000000000000000000000000000000000000000000000e+00 -1 1.00175212219811197539793671819460953351329304253931570967497e-03
Vp 1.00000000000000000000000000000000000000000000000000000000000e-03 1.00000000000000000000000000000000000000000000000000000000000e+00 1.00000000000000000000000000000000000000000000000000000000000e+00 1 1.16529140789372290182713401580029325490928681331187002513109e-03
Vp 1.00000000000000000000000000000000000000000000000000000000000e-03 1.00000000000000000000000000000000000000000000000000000000000e+00 1.00000000000000000000000000000000000000000000000000000000000e+00 3 2.07698471282208282732733943632211749945183237738020171891490e-03
Vp 1.00000000000000000000000000000000000000000000000000000000000e-03 1.00000000000000000000000000000000000000000000000000000000000e+00 1.00000000000000000000000000000000000000000000000000000000000e+00 5 4.67214165643663160383278874609056307914487078109794590704929e-03
Vp 1.00000000000000000000000000000000000000000000000000000000000e-03 1.00000000000000000000000000000000000000000000000000000000000e+00 1.00000000000000000000000000000000000000000000000000000000000e+00 7 1.22411370915400721284443139536660395287045396228631310225287e-02
Vp 1.00000000000000000000000000000000000000000000000000000000000e-03 1.00000000000000000000000000000000000000000000000000000000000e+00 1.00000000000000000000000000000000000000000000000000000000000e+00 9 3.56542863655914282716755683829173147362796863757611262899282e-02
Vp 1.00000000000000000000000000000000000000000000000000000000000e-03 1.00000000000000000000000000000000000000000000000000000000000e+00 1.00000000000000000000000000000000000000000000000000000000000e+00 11 1.12088157287357024321335150648706828778175847976120084297412e-01
P1 1.00000000000000000000000000000000000000000000000000000000000e-03 1.00000000000000000000000000000000000000000000000000000000000e+00 1.00000000000000000000000000000000000000000000000000000000000e+00 -1 9.34319980257320912677422565842164364101729192391723556275884e-07
P1 1.00000000000000000000000000000000000000000000000000000000000e-03 1.00000000000000000000000000000000000000000000000000000000000e+00 1.00000000000000000000000000000000000000000000000000000000000e+00 1 1.07663581075517521314900490134886040123257988337651148405504e-06
P1 1.00000000000000000000000000000000000000000000000000000000000e-03 1.00000000000000000000000000000000000000000000000000000000000e+00 1.00000000000000000000000000000000000000000000000000000000000e+00 3 1.27316249377957810803859569881023966752078416414308940655245e-06
P1 1.00000000000000000000000000000000000000000000000000000000000e-03 1.00000000000000000000000000000000000000000000000000000000000e+00 1.00000000000000000000000000000000000000000000000000000000000e+00 5 1.55209802714371089043581551500133262456647579689257255979709e-06
P1 1.00000000000000000000000000000000000000000000000000000000000e-03 1.00000000000000000000000000000000000000000000000000000000000e+00 1.00000000000000000000000000000000000000000000000000000000000e+00 7 1.95884779824441040228873844833618707198715677967005645403237e-06
P1 1.00000000000000000000000000000000000000000000000000000000000e-03 1.00000000000000000000000000000000000000000000000000000000000e+00 1.00000000000000000000000000000000000000000000000000000000000e+00 9 2.56759701808514374919345379013191218834621870494515207748122e-06
P1 1.00000000000000000000000000000000000000000000000000000000000e-03 1.00000000000000000000000000000000000000000000000000000000000e+00 1.00000000000000000000000000000000000000000000000000000000000e+00 11 3.50119145288398425317451090794953206669701932046176306277965e-06
P2 1.00000000000000000000000000000000000000000000000000000000000e-03 1.00000000000000000000000000000000000000000000000000000000000e+00 1.00000000000000000000000000000000000000000000000000000000000e+00 -1 4.90287685283462484770828236342647975084223727812310036219842e-07
P2 1.00000000000000000000000000000000000000000000000000000000000e-03 1.00000000000000000000000000000000000000000000000000000000000e+00 1.00000000000000000000000000000000000000000000000000000000000e+00 1 2.04068872692954477472207957487910450837461181051189017767335e-06
P2 1.00000000000000000000000000000000000000000000000000000000000e-03 1.00000000000000000000000000000000000000000000000000000000000e+00 1.00000000000000000000000000000000000000000000000000000000000e+00 3 8.51223651213837151138339789952011244496378996569161815017476e-06
P2 1.00000000000000000000000000000000000000000000000000000000000e-03 1.00000000000000000000000000000000000000000000000000000000000e+00 1.00000000000000000000000000000000000000000000000000000000000e+00 5 3.55888138955798679805920491510333293234816953537389959322217e-05
P2 1.00000000000000000000000000000000000000000000000000000000000e-03 1.00000000000000000000000000000000000000000000000000000000000e+00 1.00000000000000000000000000000000000000000000000000000000000e+00 7 1.49159259368142121814683170740132160930341063053632766540885e-04
P2 1.00000000000000000000000000000000000000000000000000000000000e-03 1.00000000000000000000000000000000000000000000000000000000000e+00 1.00000000000000000000000000000000000000000000000000000000000e+00 9 6.26786324125282113779221892847355575420416425487804541723041e-04
P2 1.00000000000000000000000000000000000000000000000000000000000e-03 1.00000000000000000000000000000000000000000000000000000000000e+00 1.00000000000000000000000000000000000000000000000000000000000e+00 11 2.64112132908752113027370873136149112922115978244679734360970e-03
P1s 1.00000000000000000000000000000000000000000000000000000000000e-03 1.00000000000000000000000000000000000000000000000000000000000e+00 1.00000000000000000000000000000000000000000000000000000000000e+00 -1 9.34319566044319198791956551768152545875518006384165205154456e-07
P1s 1.00000000000000000000000000000000000000000000000000000000000e-03 1.00000000000000000000000000000000000000000000000000000000000e+00 1.00000000000000000000000000000000000000000000000000000000000e+00 1 1.07663627791499275302604204624853128475643119247572096163333e-06
P1s 1.00000000000000000000000000000000000000000000000000000000000e-03 1.00000000000000000000000000000000000000000000000000000000000e+00 1.00000000000000000000000000000000000000000000000000000000000e+00 3 1.27316410873387819060958388857654105264601019880319317659788e-06
P1s 1.00000000000000000000000000000000000000000000000000000000000e-03 1.00000000000000000000000000000000000000000000000000000000000e+00 1.00000000000000000000000000000000000000000000000000000000000e+00 5 1.55210121005330982730187524687752353304798893676864301401840e-06
P1s 1.00000000000000000000000000000000000000000000000000000000000e-03 1.00000000000000000000000000000000000000000000000000000000000e+00 1.00000000000000000000000000000000000000000000000000000000000e+00 7 1.95885323059678888995848806045261819651581831892560832962454e-06
P1s 1.00000000000000000000000000000000000000000000000000000000000e-03 1.00000000000000000000000000000000000000000000000000000000000e+00 1.00000000000000000000000000000000000000000000000000000000000e+00 9 2.56760583292060716461099378820124358179449676873765764546576e-06
P1s 1.00000000000000000000000000000000000000000000000000000000000e-03 1.00000000000000000000000000000000000000000000000000000000000e+00 1.00000000000000000000000000000000000000000000000000000000000e+00 11 3.50120557470798503498652304505808146079783966520662811726223e-06
P1s-b 1.00000000000000000000000000000000000000000000000000000000000e-03 1.00000000000000000000000000000000000000000000000000000000000e+00 1.00000000000000000000000000000000000000000000000000000000000e+00 -1 7.16882685774639685288249279451391781792818320674816045149950e-07
P1s-b 1.00000000000000000000000000000000000000000000000000000000000e-03 1.00000000000000000000000000000000000000000000000000000000000e+00 1.00000000000000000000000000000000000000000000000000000000000e+00 1 1.44568948629849567139668524748223344204942837770899840042103e-06
P1s-b 1.00000000000000000000000000000000000000000000000000000000000e-03 1.00000000000000000000000000000000000000000000000000000000000e+00 1.00000000000000000000000000000000000000000000000000000000000e+00 3 3.36366887796959556395645166003806240133537685466279101173601e-06
P1s-b 1.00000000000000000000000000000000000000000000000000000000000e-03 1.00000000000000000000000000000000000000000000000000000000000e+00 1.00000000000000000000000000000000000000000000000000000000000e+00 5 8.94309081950781157037185430815718774462450850893268127094809e-06
P1s-b 1.00000000000000000000000000000000000000000000000000000000000e-03 1.00000000000000000000000000000000000000000000000000000000000e+00 1.00000000000000000000000000000000000000000000000000000000000e+00 7 2.66208942328386612344598143437299233711723344318272773781443e-05
P1s-b 1.00000000000000000000000000000000000000000000000000000000000e-03 1.00000000000000000000000000000000000000000000000000000000000e+00 1.00000000000000000000000000000000000000000000000000000000000e+00 9 8.66698459005802215621916942614349845498056566073394908690387e-05
P1s-b 1.00000000000000000000000000000000000000000000000000000000000e-03 1.00000000000000000000000000000000000000000000000000000000000e+00 1.00000000000000000000000000000000000000000000000000000000000e+00 11 3.02258958635165017603726791466802871376655248457815346983523e-04
P2s 1.00000000000000000000000000000000000000000000000000000000000e-03 1.00000000000000000000000000000000000000000000000000000000000e+00 1.00000000000000000000000000000000000000000000000000000000000e+00 -1 4.90287626266489462362886427846842977891047670157972844794132e-07
P2s 1.00000000000000000000000000000000000000000000000000000000000e-03 1.00000000000000000000000000000000000000000000000000000000000e+00 1.00000000000000000000000000000000000000000000000000000000000e+00 1 2.04068897207336282604665039264038638671002310085400385897138e-06
P2s 1.00000000000000000000000000000000000000000000000000000000000e-03 1.00000000000000000000000000000000000000000000000000000000000e+00 1.00000000000000000000000000000000000000000000000000000000000e+00 3 8.51223957317176833547828812281883604391579602235062943563259e-06
P2s 1.00000000000000000000000000000000000000000000000000000000000e-03 1.00000000000000000000000000000000000000000000000000000000000e+00 1.00000000000000000000000000000000000000000000000000000000000e+00 5 3.55888351761775254793236273914732010231999629171489657021531e-05
P2s 1.00000000000000000000000000000000000000000000000000000000000e-03 1.00000000000000000000000000000000000000000000000000000000000e+00 1.00000000000000000000000000000000000000000000000000000000000e+00 7 1.49159383929052824750930669051476313616233711469729466985138e-04
P2s 1.00000000000000000000000000000000000000000000000000000000000e-03 1.00000000000000000000000000000000000000000000000000000000000e+00 1.00000000000000000000000000000000000000000000000000000000000e+00 9 6.26786995342416373794802966584251995989073475174164226075108e-04
P2s 1.00000000000000000000000000000000000000000000000000000000000e-03 1.00000000000000000000000000000000000000000000000000000000000e+00 1.00000000000000000000000000000000000000000000000000000000000e+00 11 2.64112477641538023083102321463257928084023061981322876582734e-03
P2s-b 1.00000000000000000000000000000000000000000000000000000000000e-03 1.00000000000000000000000000000000000000000000000000000000000e+00 1.00000000000000000000000000000000000000000000000000000000000e+00 -1 4.44032302214153674300505981370396171975789992307727439999433e-07
P2s-b 1.00000000000000000000000000000000000000000000000000000000000e-03 1.00000000000000000000000000000000000000000000000000000000000e+00 1.00000000000000000000000000000000000000000000000000000000000e+00 1 2.26585450452732446143227934379633180356568145994262536752437e-06
P2s-b 1.00000000000000000000000000000000000000000000000000000000000e-03 1.00000000000000000000000000000000000000000000000000000000000e+00 1.00000000000000000000000000000000000000000000000000000000000e+00 3 1.18583635572090304486626304053674356243656156828126232627114e-05
P2s-b 1.00000000000000000000000000000000000000000000000000000000000e-03 1.00000000000000000000000000000000000000000000000000000000000e+00 1.00000000000000000000000000000000000000000000000000000000000e+00 5 6.37454640242725386896527480367005016160052458065602915735670e-05
P2s-b 1.00000000000000000000000000000000000000000000000000000000000e-03 1.00000000000000000000000000000000000000000000000000000000000e+00 1.00000000000000000000000000000000000000000000000000000000000e+00 7 3.52305826256524985455303949713521674320820367406624575509527e-04
P2s-b 1.00000000000000000000000000000000000000000000000000000000000e-03 1.00000000000000000000000000000000000000000000000000000000000e+00 1.00000000000000000000000000000000000000000000000000000000000e+00 9 2.00243347947336336662601753135880660228409384743642631082025e-03
P2s-b 1.00000000000000000000000000000000000000000000000000000000000e-03 1.00000000000000000000000000000000000000000000000000000000000e+00 1.00000000000000000000000000000000000000000000000000000000000e+00 11 1.16997626449526907411876147982155781752052567756573065230769e-02
Xg 1.00000000000000000000000000000000000000000000000000000000000e-03 1.00000000000000000000000000000000000000000000000000000000000e+00 1.00000000000000000000000000000000000000000000000000000000000e+00 -1 6.43311926577303971948420599996044318505537395618432206182460e-07
Xg 1.00000000000000000000000000000000000000000000000000000000000e-03 1.00000000000000000000000000000000000000000000000000000000000e+00 1.00000000000000000000000000000000000000000000000000000000000e+00 1 1.60773800142091356342207651311146232069518688882253278722640e-06
Xg 1.00000000000000000000000000000000000000000000000000000000000e-03 1.00000000000000000000000000000000000000000000000000000000000e+00 1.00000000000000000000000000000000000000000000000000000000000e+00 3 4.54911961845707933322699897585026496590866556142596426921262e-06
Xg 1.00000000000000000000000000000000000000000000000000000000000e-03 1.00000000000000000000000000000000000000000000000000000000000e+00 1.00000000000000000000000000000000000000000000000000000000000e+00 5 1.42170210935265384990898755874111977203436972842556182768432e-05
Xg 1.00000000000000000000000000000000000000000000000000000000000e-03 1.00000000000000000000000000000000000000000000000000000000000e+00 1.00000000000000000000000000000000000000000000000000000000000e+00 7 4.78952376391905023851992766810331702239708760020850107899247e-05
Xg 1.00000000000000000000000000000000000000000000000000000000000e-03 1.00000000000000000000000000000000000000000000000000000000000e+00 1.00000000000000000000000000000000000000000000000000000000000e+00 9 1.70590790874283290965889251500620437325818702748978753415113e-04
Xg 1.00000000000000000000000000000000000000000000000000000000000e-03 1.00000000000000000000000000000000000000000000000000000000000e+00 1.00000000000000000000000000000000000000000000000000000000000e+00 11 6.33487598571144370917034424139409260412649604437299456497841e-04
Xg-b 1.00000000000000000000000000000000000000000000000000000000000e-03 1.00000000000000000000000000000000000000000000000000000000000e+00 1.00000000000000000000000000000000000000000000000000000000000e+00 -1 6.43311778487634765993574636157501243864904841021008237821422e-07
Xg-b 1.00000000000000000000000000000000000000000000000000000000000e-03 1.00000000000000000000000000000000000000000000000000000000000e+00 1.00000000000000000000000000000000000000000000000000000000000e+00 1 1.60773832307681514803836634976536720589587599795999600285611e-06
Xg-b 1.00000000000000000000000000000000000000000000000000000000000e-03 1.00000000000000000000000000000000000000000000000000000000000e+00 1.00000000000000000000000000000000000000000000000000000000000e+00 3 4.54912203006448353448728272167267565791533536055272832455948e-06
Xg-b 1.00000000000000000000000000000000000000000000000000000000000e-03 1.00000000000000000000000000000000000000000000000000000000000e+00 1.00000000000000000000000000000000000000000000000000000000000e+00 5 1.42170324663306088237395701685695279112319627641224297434018e-05
Xg-b 1.00000000000000000000000000000000000000000000000000000000000e-03 1.00000000000000000000000000000000000000000000000000000000000e+00 1.00000000000000000000000000000000000000000000000000000000000e+00 7 4.78952873987975004041606209878372786986919724209632366953403e-05
Xg-b 1.00000000000000000000000000000000000000000000000000000000000e-03 1.00000000000000000000000000000000000000000000000000000000000e+00 1.00000000000000000000000000000000000000000000000000000000000e+00 9 1.70591006403039265828495024528960221077980902242825847470735e-04
Xg-b 1.00000000000000000000000000000000000000000000000000000000000e-03 1.00000000000000000000000000000000000000000000000000000000000e+00 1.00000000000000000000000000000000000000000000000000000000000e+00 11 6.33488536821482019463005283493647558671623318726681037708817e-04
Xg-c 1.00000000000000000000000000000000000000000000000000000000000e-03 1.00000000000000000000000000000000000000000000000000000000000e+00 1.00000000000000000000000000000000000000000000000000000000000e+00 -1 4.76123261958921600998802380571005554753607994718773514084797e-07
Xg-c 1.00000000000000000000000000000000000000000000000000000000000e-03 1.00000000000000000000000000000000000000000000000000000000000e+00 1.00000000000000000000000000000000000000000000000000000000000e+00 1 2.14089415930325365660397066588316920328671590208969815454814e-06
Xg-c 1.00000000000000000000000000000000000000000000000000000000000e-03 1.00000000000000000000000000000000000000000000000000000000000e+00 1.00000000000000000000000000000000000000000000000000000000000e+00 3 1.03443664335673455614259405344506832423370974690630960795032e-05
Xg-c 1.00000000000000000000000000000000000000000000000000000000000e-03 1.00000000000000000000000000000000000000000000000000000000000e+00 1.00000000000000000000000000000000000000000000000000000000000e+00 5 5.31883461848952022537384618406393775099997865386553206154807e-05
Xg-c 1.00000000000000000000000000000000000000000000000000000000000e-03 1.00000000000000000000000000000000000000000000000000000000000e+00 1.00000000000000000000000000000000000000000000000000000000000e+00 7 2.88307807299613487288837366453439228044756508441149857594703e-04
Xg-c 1.00000000000000000000000000000000000000000000000000000000000e-03 1.00000000000000000000000000000000000000000000000000000000000e+00 1.00000000000000000000000000000000000000000000000000000000000e+00 9 1.63397440347443063526497675677198159635893173038629689618022e-03
Xg-c 1.00000000000000000000000000000000000000000000000000000000000e-03 1.00000000000000000000000000000000000000000000000000000000000e+00 1.00000000000000000000000000000000000000000000000000000000000e+00 11 9.61565679033289767975141590740266309686509149738762748775072e-03
Xg-d 1.00000000000000000000000000000000000000000000000000000000000e-03 1.00000000000000000000000000000000000000000000000000000000000e+00 1.00000000000000000000000000000000000000000000000000000000000e+00 -1 4.76123204585127218705895562955060750211835271163376011467322e-07
Xg-d 1.00000000000000000000000000000000000000000000000000000000000e-03 1.00000000000000000000000000000000000000000000000000000000000e+00 1.00000000000000000000000000000000000000000000000000000000000e+00 1 2.14089439736486073031579425660964988611840568188078601521263e-06
Xg-d 1.00000000000000000000000000000000000000000000000000000000000e-03 1.00000000000000000000000000000000000000000000000000000000000e+00 1.00000000000000000000000000000000000000000000000000000000000e+00 3 1.03443696449088820933202877864820306118035019254792394945448e-05
Xg-d 1.00000000000000000000000000000000000000000000000000000000000e-03 1.00000000000000000000000000000000000000000000000000000000000e+00 1.00000000000000000000000000000000000000000000000000000000000e+00 5 5.31883720458179764668659882368110893564444310871958053039325e-05
Xg-d 1.00000000000000000000000000000000000000000000000000000000000e-03 1.00000000000000000000000000000000000000000000000000000000000e+00 1.00000000000000000000000000000000000000000000000000000000000e+00 7 2.88307993458900562110191798210034840530586467640978376521859e-04
Xg-d 1.00000000000000000000000000000000000000000000000000000000000e-03 1.00000000000000000000000000000000000000000000000000000000000e+00 1.00000000000000000000000000000000000000000000000000000000000e+00 9 1.63397570086026158080468068570284859029540994832948070205869e-03
Xg-d 1.00000000000000000000000000000000000000000000000000000000000e-03 1.00000000000000000000000000000000000000000000000000000000000e+00 1.00000000000000000000000000000000000000000000000000000000000e+00 11 9.61566577719806314030754188609187770286175065203818715125754e-03
S 1.00000000000000000000000000000000000000000000000000000000000e+00 1.00000000000000000000000000000000000000000000000000000000000e-03 1.00000000000000000000000000000000000000000000000000000000000e+00 -1 1.62024715024175022229416689236205045687390670895574558066635e-05
S 1.00000000000000000000000000000000000000000000000000000000000e+00 1.00000000000000000000000000000000000000000000000000000000000e-03 1.00000000000000000000000000000000000000000000000000000000000e+00 1 3.33334614105957145902987824508289928050256362602785555399371e-07
S 1.00000000000000000000000000000000000000000000000000000000000e+00 1.00000000000000000000000000000000000000000000000000000000000e-03 1.00000000000000000000000000000000000000000000000000000000000e+00 3 1.00000083333719230835030675633450532614141161185655990345902e-07
S 1.00000000000000000000000000000000000000000000000000000000000e+00 1.00000000000000000000000000000000000000000000000000000000000e-03 1.00000000000000000000000000000000000000000000000000000000000e+00 5 4.76190892857559525547421529553398782225776591421086001767923e-08
S 1.00000000000000000000000000000000000000000000000000000000000e+00 1.00000000000000000000000000000000000000000000000000000000000e-03 1.00000000000000000000000000000000000000000000000000000000000e+00 7 2.77778055555847222482639843369595405033633284542726401378271e-08
S 1.00000000000000000000000000000000000000000000000000000000000e+00 1.00000000000000000000000000000000000000000000000000000000000e-03 1.00000000000000000000000000000000000000000000000000000000000e+00 9 1.81818390151765151749526697443772228714586020503615130293942e-08
S 1.00000000000000000000000000000000000000000000000000000000000e+00 1.00000000000000000000000000000000000000000000000000000000000e-03 1.00000000000000000000000000000000000000000000000000000000000e+00 11 1.28205294872024038707074376345145876654530311212340161702309e-08
Ef 1.00000000000000000000000000000000000000000000000000000000000e+00 1.00000000000000000000000000000000000000000000000000000000000e-03 1.00000000000000000000000000000000000000000000000000000000000e+00 -1 1.38596109028655337925186333124185370721114338189110066249854e-06
Ef 1.00000000000000000000000000000000000000000000000000000000000e+00 1.00000000000000000000000000000000000000000000000000000000000e-03 1.00000000000000000000000000000000000000000000000000000000000e+00 1 1.00000011549120300999053613060755780269559184873245492952051e-06
Ef 1.00000000000000000000000000000000000000000000000000000000000e+00 1.00000000000000000000000000000000000000000000000000000000000e-03 1.00000000000000000000000000000000000000000000000000000000000e+00 3 1.50000025000003464783689258051742399825823642962696151779535e-06
Ef 1.00000000000000000000000000000000000000000000000000000000000e+00 1.00000000000000000000000000000000000000000000000000000000000e-03 1.00000000000000000000000000000000000000000000000000000000000e+00 5 3.00000062500012500001546806767742930704036945290158959744882e-06
Ef 1.00000000000000000000000000000000000000000000000000000000000e+00 1.00000000000000000000000000000000000000000000000000000000000e-03 1.00000000000000000000000000000000000000000000000000000000000e+00 7 7.08333508333377083341145834175497709467577564017439207827930e-06
Ef 1.00000000000000000000000000000000000000000000000000000000000e+00 1.00000000000000000000000000000000000000000000000000000000000e-03 1.00000000000000000000000000000000000000000000000000000000000e+00 9 1.86000053125015750003515625546875051679010001556543195914285e-05
Ef 1.00000000000000000000000000000000000000000000000000000000000e+00 1.00000000000000000000000000000000000000000000000000000000000e-03 1.00000000000000000000000000000000000000000000000000000000000e+00 11 5.25000170500058437515468753007812910156284358445670544597653e-05
Ec 1.00000000000000000000000000000000000000000000000000000000000e+00 1.00000000000000000000000000000000000000000000000000000000000e-03 1.00000000000000000000000000000000000000000000000000000000000e+00 -1 2.22833939138399663637655302511558535017335240196925554403131e-03
Ec 1.00000000000000000000000000000000000000000000000000000000000e+00 1.00000000000000000000000000000000000000000000000000000000000e-03 1.00000000000000000000000000000000000000000000000000000000000e+00 1 6.51757162845755428158831318451271120475570524501011884529553e-04
Ec 1.00000000000000000000000000000000000000000000000000000000000e+00 1.00000000000000000000000000000000000000000000000000000000000e-03 1.00000000000000000000000000000000000000000000000000000000000e+00 3 4.21254291609838027764014922090711905860966905136495087872992e-04
Ec 1.00000000000000000000000000000000000000000000000000000000000e+00 1.00000000000000000000000000000000000000000000000000000000000e-03 1.00000000000000000000000000000000000000000000000000000000000e+00 5 3.54686515038776955862176855903594761048995850575901771173383e-04
Ec 1.00000000000000000000000000000000000000000000000000000000000e+00 1.00000000000000000000000000000000000000000000000000000000000e-03 1.00000000000000000000000000000000000000000000000000000000000e+00 7 3.46217093287816118685505768637052995307000487041166648423554e-04
Ec 1.00000000000000000000000000000000000000000000000000000000000e+00 1.00000000000000000000000000000000000000000000000000000000000e-03 1.00000000000000000000000000000000000000000000000000000000000e+00 9 3.74783921173708674191016182000163204110043677967761100278555e-04
Ec 1.00000000000000000000000000000000000000000000000000000000000e+00 1.00000000000000000000000000000000000000000000000000000000000e-03 1.00000000000000000000000000000000000000000000000000000000000e+00 11 4.39886801356452480472915796017076333894968684211017320534865e-04
Vc 1.00000000000000000000000000000000000000000000000000000000000e+00 1.00000000000000000000000000000000000000000000000000000000000e-03 1.00000000000000000000000000000000000000000000000000000000000e+00 -1 1.38529479861976952517748171058060542936657392994515007568951e-06
Vc 1.00000000000000000000000000000000000000000000000000000000000e+00 1.00000000000000000000000000000000000000000000000000000000000e-03 1.00000000000000000000000000000000000000000000000000000000000e+00 1 1.00000080817190440322523359772571681406458399597343419339614e-06
Vc 1.00000000000000000000000000000000000000000000000000000000000e+00 1.00000000000000000000000000000000000000000000000000000000000e-03 1.00000000000000000000000000000000000000000000000000000000000e+00 3 1.50000175000107377834247948078719124627437766936603491986350e-06
Vc 1.00000000000000000000000000000000000000000000000000000000000e+00 1.00000000000000000000000000000000000000000000000000000000000e-03 1.00000000000000000000000000000000000000000000000000000000000e+00 5 3.00000437500387500196393690852553221917335344560785548928111e-06
Vc 1.00000000000000000000000000000000000000000000000000000000000e+00 1.00000000000000000000000000000000000000000000000000000000000e-03 1.00000000000000000000000000000000000000000000000000000000000e+00 7 7.08334558334689584325521263575942921761504632524987889498318e-06
Vc 1.00000000000000000000000000000000000000000000000000000000000e+00 1.00000000000000000000000000000000000000000000000000000000000e-03 1.00000000000000000000000000000000000000000000000000000000000e+00 9 1.86000371875488250446484654453230763074393930406856217282937e-05
Vc 1.00000000000000000000000000000000000000000000000000000000000e+00 1.00000000000000000000000000000000000000000000000000000000000e-03 1.00000000000000000000000000000000000000000000000000000000000e+00 11 5.25001193501811564464532786993027090125120038585412356004837e-05
Vp 1.00000000000000000000000000000000000000000000000000000000000e+00 1.00000000000000000000000000000000000000000000000000000000000e-03 1.00000000000000000000000000000000000000000000000000000000000e+00 -1 1.76117720266989808968573593337657958025684147771262635612085e-06
Vp 1.00000000000000000000000000000000000000000000000000000000000e+00 1.00000000000000000000000000000000000000000000000000000000000e-03 1.00000000000000000000000000000000000000000000000000000000000e+00 1 7.65196743948364722473097981205242175745783434374126556574796e-07
Vp 1.00000000000000000000000000000000000000000000000000000000000e+00 1.00000000000000000000000000000000000000000000000000000000000e-03 1.00000000000000000000000000000000000000000000000000000000000e+00 3 6.27182123977383720220680706879305669713786547878633517531875e-07
Vp 1.00000000000000000000000000000000000000000000000000000000000e+00 1.00000000000000000000000000000000000000000000000000000000000e-03 1.00000000000000000000000000000000000000000000000000000000000e+00 5 6.42697736924840770245958046286101858324503088361835851981883e-07
Vp 1.00000000000000000000000000000000000000000000000000000000000e+00 1.00000000000000000000000000000000000000000000000000000000000e-03 1.00000000000000000000000000000000000000000000000000000000000e+00 7 7.51662575354991620475201232962865250913978052797241069632323e-07
Vp 1.00000000000000000000000000000000000000000000000000000000000e+00 1.00000000000000000000000000000000000000000000000000000000000e-03 1.00000000000000000000000000000000000000000000000000000000000e+00 9 9.64906582839407932533357744213003438209120294485941515041991e-07
Vp 1.00000000000000000000000000000000000000000000000000000000000e+00 1.00000000000000000000000000000000000000000000000000000000000e-03 1.00000000000000000000000000000000000000000000000000000000000e+00 11 1.32861444162009662287690655355483600369194453943266213005980e-06
P1 1.00000000000000000000000000000000000000000000000000000000000e+00 1.00000000000000000000000000000000000000000000000000000000000e-03 1.00000000000000000000000000000000000000000000000000000000000e+00 -1 9.34319980257320912677422565842164364101729192391723556275884e-07
P1 1.00000000000000000000000000000000000000000000000000000000000e+00 1.00000000000000000000000000000000000000000000000000000000000e-03 1.00000000000000000000000000000000000000000000000000000000000e+00 1 1.07663581075517521314900490134886040123257988337651148405504e-06
P1 1.00000000000000000000000000000000000000000000000000000000000e+00 1.00000000000000000000000000000000000000000000000000000000000e-03 1.00000000000000000000000000000000000000000000000000000000000e+00 3 1.27316249377957810803859569881023966752078416414308940655245e-06
P1 1.00000000000000000000000000000000000000000000000000000000000e+00 1.00000000000000000000000000000000000000000000000000000000000e-03 1.00000000000000000000000000000000000000000000000000000000000e+00 5 1.55209802714371089043581551500133262456647579689257255979709e-06
P1 1.00000000000000000000000000000000000000000000000000000000000e+00 1.00000000000000000000000000000000000000000000000000000000000e-03 1.00000000000000000000000000000000000000000000000000000000000e+00 7 1.95884779824441040228873844833618707198715677967005645403237e-06
P1 1.00000000000000000000000000000000000000000000000000000000000e+00 1.00000000000000000000000000000000000000000000000000000000000e-03 1.00000000000000000000000000000000000000000000000000000000000e+00 9 2.56759701808514374919345379013191218834621870494515207748122e-06
P1 1.00000000000000000000000000000000000000000000000000000000000e+00 1.00000000000000000000000000000000000000000000000000000000000e-03 1.00000000000000000000000000000000000000000000000000000000000e+00 11 3.50119145288398425317451090794953206669701932046176306277965e-06
P2 1.00000000000000000000000000000000000000000000000000000000000e+00 1.00000000000000000000000000000000000000000000000000000000000e-03 1.00000000000000000000000000000000000000000000000000000000000e+00 -1 4.90287685283462484770828236342647975084223727812310036219842e-07
P2 1.00000000000000000000000000000000000000000000000000000000000e+00 1.00000000000000000000000000000000000000000000000000000000000e-03 1.00000000000000000000000000000000000000000000000000000000000e+00 1 2.04068872692954477472207957487910450837461181051189017767335e-06
P2 1.00000000000000000000000000000000000000000000000000000000000e+00 1.00000000000000000000000000000000000000000000000000000000000e-03 1.00000000000000000000000000000000000000000000000000000000000e+00 3 8.51223651213837151138339789952011244496378996569161815017476e-06
P2 1.00000000000000000000000000000000000000000000000000000000000e+00 1.00000000000000000000000000000000000000000000000000000000000e-03 1.00000000000000000000000000000000000000000000000000000000000e+00 5 3.55888138955798679805920491510333293234816953537389959322217e-05
P2 1.00000000000000000000000000000000000000000000000000000000000e+00 1.00000000000000000000000000000000000000000000000000000000000e-03 1.00000000000000000000000000000000000000000000000000000000000e+00 7 1.49159259368142121814683170740132160930341063053632766540885e-04
P2 1.00000000000000000000000000000000000000000000000000000000000e+00 1.00000000000000000000000000000000000000000000000000000000000e-03 1.00000000000000000000000000000000000000000000000000000000000e+00 9 6.26786324125282113779221892847355575420416425487804541723041e-04
P2 1.00000000000000000000000000000000000000000000000000000000000e+00 1.00000000000000000000000000000000000000000000000000000000000e-03 1.00000000000000000000000000000000000000000000000000000000000e+00 11 2.64112132908752113027370873136149112922115978244679734360970e-03
P1s 1.00000000000000000000000000000000000000000000000000000000000e+00 1.00000000000000000000000000000000000000000000000000000000000e-03 1.00000000000000000000000000000000000000000000000000000000000e+00 -1 7.16882889594870491927464803647274782611534390319203203364634e-07
P1s 1.00000000000000000000000000000000000000000000000000000000000e+00 1.00000000000000000000000000000000000000000000000000000000000e-03 1.00000000000000000000000000000000000000000000000000000000000e+00 1 1.44568912785713579906901696389533331081331516725044501406566e-06
P1s 1.00000000000000000000000000000000000000000000000000000000000e+00 1.00000000000000000000000000000000000000000000000000000000000e-03 1.00000000000000000000000000000000000000000000000000000000000e+00 3 3.36366670943545572653507838290144967249655275636000963208364e-06
P1s 1.00000000000000000000000000000000000000000000000000000000000e+00 1.00000000000000000000000000000000000000000000000000000000000e-03 1.00000000000000000000000000000000000000000000000000000000000e+00 5 8.94308241033652020243136142146927472302413192539085231620070e-06
P1s 1.00000000000000000000000000000000000000000000000000000000000e+00 1.00000000000000000000000000000000000000000000000000000000000e-03 1.00000000000000000000000000000000000000000000000000000000000e+00 7 2.66208629320256983092529948065008883791283527392215182852810e-05
P1s 1.00000000000000000000000000000000000000000000000000000000000e+00 1.00000000000000000000000000000000000000000000000000000000000e-03 1.00000000000000000000000000000000000000000000000000000000000e+00 9 8.66697261065796494133901889369084890643465628276852373914343e-05
P1s 1.00000000000000000000000000000000000000000000000000000000000e+00 1.00000000000000000000000000000000000000000000000000000000000e-03 1.00000000000000000000000000000000000000000000000000000000000e+00 11 3.02258481951122375670080463885231816826860799587574164076432e-04
P1s-b 1.00000000000000000000000000000000000000000000000000000000000e+00 1.00000000000000000000000000000000000000000000000000000000000e-03 1.00000000000000000000000000000000000000000000000000000000000e+00 -1 7.16882685774639685288249279451391781792818320674816045149950e-07
P1s-b 1.00000000000000000000000000000000000000000000000000000000000e+00 1.00000000000000000000000000000000000000000000000000000000000e-03 1.00000000000000000000000000000000000000000000000000000000000e+00 1 1.44568948629849567139668524748223344204942837770899840042103e-06
P1s-b 1.00000000000000000000000000000000000000000000000000000000000e+00 1.00000000000000000000000000000000000000000000000000000000000e-03 1.00000000000000000000000000000000000000000000000000000000000e+00 3 3.36366887796959556395645166003806240133537685466279101173601e-06
P1s-b 1.00000000000000000000000000000000000000000000000000000000000e+00 1.00000000000000000000000000000000000000000000000000000000000e-03 1.00000000000000000000000000000000000000000000000000000000000e+00 5 8.94309081950781157037185430815718774462450850893268127094809e-06
P1s-b 1.00000000000000000000000000000000000000000000000000000000000e+00 1.00000000000000000000000000000000000000000000000000000000000e-03 1.00000000000000000000000000000000000000000000000000000000000e+00 7 2.66208942328386612344598143437299233711723344318272773781443e-05
P1s-b 1.00000000000000000000000000000000000000000000000000000000000e+00 1.00000000000000000000000000000000000000000000000000000000000e-03 1.00000000000000000000000000000000000000000000000000000000000e+00 9 8.66698459005802215621916942614349845498056566073394908690387e-05
P1s-b 1.00000000000000000000000000000000000000000000000000000000000e+00 1.00000000000000000000000000000000000000000000000000000000000e-03 1.00000000000000000000000000000000000000000000000000000000000e+00 11 3.02258958635165017603726791466802871376655248457815346983523e-04
P2s 1.00000000000000000000000000000000000000000000000000000000000e+00 1.00000000000000000000000000000000000000000000000000000000000e-03 1.00000000000000000000000000000000000000000000000000000000000e+00 -1 4.44032346750536203920624486124441603252396994505436791538360e-07
P2s 1.00000000000000000000000000000000000000000000000000000000000e+00 1.00000000000000000000000000000000000000000000000000000000000e-03 1.00000000000000000000000000000000000000000000000000000000000e+00 1 2.26585428251116964299102989947506051121032269570357246827121e-06
P2s 1.00000000000000000000000000000000000000000000000000000000000e+00 1.00000000000000000000000000000000000000000000000000000000000e-03 1.00000000000000000000000000000000000000000000000000000000000e+00 3 1.18583601584273291617107459342212852474198915817239901611597e-05
P2s 1.00000000000000000000000000000000000000000000000000000000000e+00 1.00000000000000000000000000000000000000000000000000000000000e-03 1.00000000000000000000000000000000000000000000000000000000000e+00 5 6.37454343783650618262159613409635439818219979248010344460863e-05
P2s 1.00000000000000000000000000000000000000000000000000000000000e+00 1.00000000000000000000000000000000000000000000000000000000000e-03 1.00000000000000000000000000000000000000000000000000000000000e+00 7 3.52305603147418193950916296042997631990029129261082095429023e-04
P2s 1.00000000000000000000000000000000000000000000000000000000000e+00 1.00000000000000000000000000000000000000000000000000000000000e-03 1.00000000000000000000000000000000000000000000000000000000000e+00 9 2.00243189409731254414815097139974198803947215962927637606315e-03
P2s 1.00000000000000000000000000000000000000000000000000000000000e+00 1.00000000000000000000000000000000000000000000000000000000000e-03 1.00000000000000000000000000000000000000000000000000000000000e+00 11 1.16997516315700068997132466137129181051153350953054303777770e-02
P2s-b 1.00000000000000000000000000000000000000000000000000000000000e+00 1.00000000000000000000000000000000000000000000000000000000000e-03 1.00000000000000000000000000000000000000000000000000000000000e+00 -1 4.44032302214153674300505981370396171975789992307727439999433e-07
P2s-b 1.00000000000000000000000000000000000000000000000000000000000e+00 1.00000000000000000000000000000000000000000000000000000000000e-03 1.00000000000000000000000000000000000000000000000000000000000e+00 1 2.26585450452732446143227934379633180356568145994262536752437e-06
P2s-b 1.00000000000000000000000000000000000000000000000000000000000e+00 1.00000000000000000000000000000000000000000000000000000000000e-03 1.00000000000000000000000000000000000000000000000000000000000e+00 3 1.18583635572090304486626304053674356243656156828126232627114e-05
P2s-b 1.00000000000000000000000000000000000000000000000000000000000e+00 1.00000000000000000000000000000000000000000000000000000000000e-03 1.00000000000000000000000000000000000000000000000000000000000e+00 5 6.37454640242725386896527480367005016160052458065602915735670e-05
P2s-b 1.00000000000000000000000000000000000000000000000000000000000e+00 1.00000000000000000000000000000000000000000000000000000000000e-03 1.00000000000000000000000000000000000000000000000000000000000e+00 7 3.52305826256524985455303949713521674320820367406624575509527e-04
P2s-b 1.00000000000000000000000000000000000000000000000000000000000e+00 1.00000000000000000000000000000000000000000000000000000000000e-03 1.00000000000000000000000000000000000000000000000000000000000e+00 9 2.00243347947336336662601753135880660228409384743642631082025e-03
P2s-b 1.00000000000000000000000000000000000000000000000000000000000e+00 1.00000000000000000000000000000000000000000000000000000000000e-03 1.00000000000000000000000000000000000000000000000000000000000e+00 11 1.16997626449526907411876147982155781752052567756573065230769e-02
Xg 1.00000000000000000000000000000000000000000000000000000000000e+00 1.00000000000000000000000000000000000000000000000000000000000e-03 1.00000000000000000000000000000000000000000000000000000000000e+00 -1 2.22521388448950470149694198033413733701376382777703346650142e-03
Xg 1.00000000000000000000000000000000000000000000000000000000000e+00 1.00000000000000000000000000000000000000000000000000000000000e-03 1.00000000000000000000000000000000000000000000000000000000000e+00 1 6.51759389100279262689660405835980671880287353437652277476763e-04
Xg 1.00000000000000000000000000000000000000000000000000000000000e+00 1.00000000000000000000000000000000000000000000000000000000000e-03 1.00000000000000000000000000000000000000000000000000000000000e+00 3 4.21256246885223213139296358483407532751541452057738322284464e-04
Xg 1.00000000000000000000000000000000000000000000000000000000000e+00 1.00000000000000000000000000000000000000000000000000000000000e-03 1.00000000000000000000000000000000000000000000000000000000000e+00 5 3.54688621315937888670879044310740418402283526901047509406852e-04
Xg 1.00000000000000000000000000000000000000000000000000000000000e+00 1.00000000000000000000000000000000000000000000000000000000000e-03 1.00000000000000000000000000000000000000000000000000000000000e+00 7 3.46219576102022015876639577663840380283098874142123961640932e-04
Xg 1.00000000000000000000000000000000000000000000000000000000000e+00 1.00000000000000000000000000000000000000000000000000000000000e-03 1.00000000000000000000000000000000000000000000000000000000000e+00 9 3.74787037140583027506186500562558432622542050560869947543698e-04
Xg 1.00000000000000000000000000000000000000000000000000000000000e+00 1.00000000000000000000000000000000000000000000000000000000000e-03 1.00000000000000000000000000000000000000000000000000000000000e+00 11 4.39890923999579490538041824265143866331244352266695081722244e-04
Xg-b 1.00000000000000000000000000000000000000000000000000000000000e+00 1.00000000000000000000000000000000000000000000000000000000000e-03 1.00000000000000000000000000000000000000000000000000000000000e+00 -1 1.00174530133411540722077396027434729620583926187707503401029e-03
Xg-b 1.00000000000000000000000000000000000000000000000000000000000e+00 1.00000000000000000000000000000000000000000000000000000000000e-03 1.00000000000000000000000000000000000000000000000000000000000e+00 1 1.16529240964179416595384382902966994014119702743566842658665e-03
Xg-b 1.00000000000000000000000000000000000000000000000000000000000e+00 1.00000000000000000000000000000000000000000000000000000000000e-03 1.00000000000000000000000000000000000000000000000000000000000e+00 3 2.07698820869805956938300834166939242336519231132584246836496e-03
Xg-b 1.00000000000000000000000000000000000000000000000000000000000e+00 1.00000000000000000000000000000000000000000000000000000000000e-03 1.00000000000000000000000000000000000000000000000000000000000e+00 5 4.67215204137039201786429624745013010441580189815439446989362e-03
Xg-b 1.00000000000000000000000000000000000000000000000000000000000e+00 1.00000000000000000000000000000000000000000000000000000000000e-03 1.00000000000000000000000000000000000000000000000000000000000e+00 7 1.22411697965740723203477770023368320202183045625558663583363e-02
Xg-b 1.00000000000000000000000000000000000000000000000000000000000e+00 1.00000000000000000000000000000000000000000000000000000000000e-03 1.00000000000000000000000000000000000000000000000000000000000e+00 9 3.56543965359969535035787751254760762106662244993825371395613e-02
Xg-b 1.00000000000000000000000000000000000000000000000000000000000e+00 1.00000000000000000000000000000000000000000000000000000000000e-03 1.00000000000000000000000000000000000000000000000000000000000e+00 11 1.12088549485213972312525625364634555412114060297145335821442e-01
Xg-c 1.00000000000000000000000000000000000000000000000000000000000e+00 1.00000000000000000000000000000000000000000000000000000000000e-03 1.00000000000000000000000000000000000000000000000000000000000e+00 -1 6.66439236045892778654798491892321922968050401194237796676085e-04
Xg-c 1.00000000000000000000000000000000000000000000000000000000000e+00 1.00000000000000000000000000000000000000000000000000000000000e-03 1.00000000000000000000000000000000000000000000000000000000000e+00 1 1.55505516123075360848743451850284736433787328763055932992063e-03
Xg-c 1.00000000000000000000000000000000000000000000000000000000000e+00 1.00000000000000000000000000000000000000000000000000000000000e-03 1.00000000000000000000000000000000000000000000000000000000000e+00 3 4.14159681141804357533849421218987647214221570750835522550131e-03
Xg-c 1.00000000000000000000000000000000000000000000000000000000000e+00 1.00000000000000000000000000000000000000000000000000000000000e-03 1.00000000000000000000000000000000000000000000000000000000000e+00 5 1.22574693589372995876635031096735732204147082372248414447718e-02
Xg-c 1.00000000000000000000000000000000000000000000000000000000000e+00 1.00000000000000000000000000000000000000000000000000000000000e-03 1.00000000000000000000000000000000000000000000000000000000000e+00 7 3.92151090040817369478337952670702178822577760362465916784604e-02
Xg-c 1.00000000000000000000000000000000000000000000000000000000000e+00 1.00000000000000000000000000000000000000000000000000000000000e-03 1.00000000000000000000000000000000000000000000000000000000000e+00 9 1.32682606663894221275553210507033760883280849943543601799792e-01
Xg-c 1.00000000000000000000000000000000000000000000000000000000000e+00 1.00000000000000000000000000000000000000000000000000000000000e-03 1.00000000000000000000000000000000000000000000000000000000000e+00 11 4.67552788783556221628637207138355443580466872039574399614689e-01
Xg-d 1.00000000000000000000000000000000000000000000000000000000000e+00 1.00000000000000000000000000000000000000000000000000000000000e-03 1.00000000000000000000000000000000000000000000000000000000000e+00 -1 5.61713932585042190753303554774178227807507293239126106928001e-04
Xg-d 1.00000000000000000000000000000000000000000000000000000000000e+00 1.00000000000000000000000000000000000000000000000000000000000e-03 1.00000000000000000000000000000000000000000000000000000000000e+00 1 1.84195257087120843381460491437150008138300456349504029958187e-03
Xg-d 1.00000000000000000000000000000000000000000000000000000000000e+00 1.00000000000000000000000000000000000000000000000000000000000e-03 1.00000000000000000000000000000000000000000000000000000000000e+00 3 6.84030388560000205144751075135918622478517327645244730304037e-03
Xg-d 1.00000000000000000000000000000000000000000000000000000000000e+00 1.00000000000000000000000000000000000000000000000000000000000e-03 1.00000000000000000000000000000000000000000000000000000000000e+00 5 2.81155976036864084263244946190258977919249357344518753403626e-02
Xg-d 1.00000000000000000000000000000000000000000000000000000000000e+00 1.00000000000000000000000000000000000000000000000000000000000e-03 1.00000000000000000000000000000000000000000000000000000000000e+00 7 1.25460812286182417366554304441993446732617932272858026707346e-01
Xg-d 1.00000000000000000000000000000000000000000000000000000000000e+00 1.00000000000000000000000000000000000000000000000000000000000e-03 1.00000000000000000000000000000000000000000000000000000000000e+00 9 5.98846478011025716562924151150577003375695343506995378523521e-01
Xg-d 1.00000000000000000000000000000000000000000000000000000000000e+00 1.00000000000000000000000000000000000000000000000000000000000e-03 1.00000000000000000000000000000000000000000000000000000000000e+00 11 3.02347566908610825649073077464105234230403704948347983286245e+00
S 1.00000000000000000000000000000000000000000000000000000000000e+00 1.00000000000000000000000000000000000000000000000000000000000e+00 1.00000000000000000000000000000000000000000000000000000000000e-03 -1 2.97320959824737870252818566763957179801974547921061087877759e+00
S 1.00000000000000000000000000000000000000000000000000000000000e+00 1.00000000000000000000000000000000000000000000000000000000000e+00 1.00000000000000000000000000000000000000000000000000000000000e-03 1 5.21405433164720678330982356607243974914031567779008341796211e-01
S 1.00000000000000000000000000000000000000000000000000000000000e+00 1.00000000000000000000000000000000000000000000000000000000000e+00 1.00000000000000000000000000000000000000000000000000000000000e-03 3 2.40716551846442949331016686362573837263218041785249813665823e-01
S 1.00000000000000000000000000000000000000000000000000000000000e+00 1.00000000000000000000000000000000000000000000000000000000000e+00 1.00000000000000000000000000000000000000000000000000000000000e-03 5 1.57638295108249379660705056043054180200251251661002780581147e-01
S 1.00000000000000000000000000000000000000000000000000000000000e+00 1.00000000000000000000000000000000000000000000000000000000000e+00 1.00000000000000000000000000000000000000000000000000000000000e-03 7 1.25896974358881040766252810354942596662767095612123815413285e-01
S 1.00000000000000000000000000000000000000000000000000000000000e+00 1.00000000000000000000000000000000000000000000000000000000000e+00 1.00000000000000000000000000000000000000000000000000000000000e-03 9 1.15317969799424865447233043501624576889833824362588873034464e-01
S 1.00000000000000000000000000000000000000000000000000000000000e+00 1.00000000000000000000000000000000000000000000000000000000000e+00 1.00000000000000000000000000000000000000000000000000000000000e-03 11 1.17302963800717921391952463088519659739954158529762729957202e-01
Ef 1.00000000000000000000000000000000000000000000000000000000000e+00 1.00000000000000000000000000000000000000000000000000000000000e+00 1.00000000000000000000000000000000000000000000000000000000000e-03 -1 1.11212868984900627843411401871865204093106726529345144404774e+00
Ef 1.00000000000000000000000000000000000000000000000000000000000e+00 1.00000000000000000000000000000000000000000000000000000000000e+00 1.00000000000000000000000000000000000000000000000000000000000e-03 1 1.08813824986125402601338003988221876159370331865944832353717e+00
Ef 1.00000000000000000000000000000000000000000000000000000000000e+00 1.00000000000000000000000000000000000000000000000000000000000e+00 1.00000000000000000000000000000000000000000000000000000000000e-03 3 1.77673585682929666244698584858885004047476839197033405468689e+00
Ef 1.00000000000000000000000000000000000000000000000000000000000e+00 1.00000000000000000000000000000000000000000000000000000000000e+00 1.00000000000000000000000000000000000000000000000000000000000e-03 5 3.76213002783384977334288297579776954778654316591658889840605e+00
Ef 1.00000000000000000000000000000000000000000000000000000000000e+00 1.00000000000000000000000000000000000000000000000000000000000e+00 1.00000000000000000000000000000000000000000000000000000000000e-03 7 9.35566191676520134651471412530880801793928751529351740508753e+00
Ef 1.00000000000000000000000000000000000000000000000000000000000e+00 1.00000000000000000000000000000000000000000000000000000000000e+00 1.00000000000000000000000000000000000000000000000000000000000e-03 9 2.58979173707059836699406544994985681435874406440006274271850e+01
Ef 1.00000000000000000000000000000000000000000000000000000000000e+00 1.00000000000000000000000000000000000000000000000000000000000e+00 1.00000000000000000000000000000000000000000000000000000000000e-03 11 7.72852237262508725421459137558725412924811201337082170543788e+01
Ec 1.00000000000000000000000000000000000000000000000000000000000e+00 1.00000000000000000000000000000000000000000000000000000000000e+00 1.00000000000000000000000000000000000000000000000000000000000e-03 -1 2.22833939138399663637655302511558535017335240196925554403131e-03
Ec 1.00000000000000000000000000000000000000000000000000000000000e+00 1.00000000000000000000000000000000000000000000000000000000000e+00 1.00000000000000000000000000000000000000000000000000000000000e-03 1 6.51757162845755428158831318451271120475570524501011884529553e-04
Ec 1.00000000000000000000000000000000000000000000000000000000000e+00 1.00000000000000000000000000000000000000000000000000000000000e+00 1.00000000000000000000000000000000000000000000000000000000000e-03 3 4.21254291609838027764014922090711905860966905136495087872992e-04
Ec 1.00000000000000000000000000000000000000000000000000000000000e+00 1.00000000000000000000000000000000000000000000000000000000000e+00 1.00000000000000000000000000000000000000000000000000000000000e-03 5 3.54686515038776955862176855903594761048995850575901771173383e-04
Ec 1.00000000000000000000000000000000000000000000000000000000000e+00 1.00000000000000000000000000000000000000000000000000000000000e+00 1.00000000000000000000000000000000000000000000000000000000000e-03 7 3.46217093287816118685505768637052995307000487041166648423554e-04
Ec 1.00000000000000000000000000000000000000000000000000000000000e+00 1.00000000000000000000000000000000000000000000000000000000000e+00 1.00000000000000000000000000000000000000000000000000000000000e-03 9 3.74783921173708674191016182000163204110043677967761100278555e-04
Ec 1.00000000000000000000000000000000000000000000000000000000000e+00 1.00000000000000000000000000000000000000000000000000000000000e+00 1.00000000000000000000000000000000000000000000000000000000000e-03 11 4.39886801356452480472915796017076333894968684211017320534865e-04
Vc 1.00000000000000000000000000000000000000000000000000000000000e+00 1.00000000000000000000000000000000000000000000000000000000000e+00 1.00000000000000000000000000000000000000000000000000000000000e-03 -1 7.48952218549366145659957630202267716157610948623707990682122e-01
Vc 1.00000000000000000000000000000000000000000000000000000000000e+00 1.00000000000000000000000000000000000000000000000000000000000e+00 1.00000000000000000000000000000000000000000000000000000000000e-03 1 1.47356153243053669629011641648627030121081433713416174549913e+00
Vc 1.00000000000000000000000000000000000000000000000000000000000e+00 1.00000000000000000000000000000000000000000000000000000000000e+00 1.00000000000000000000000000000000000000000000000000000000000e-03 3 3.90874139358113810436754558006208887421022251140207611426672e+00
Vc 1.00000000000000000000000000000000000000000000000000000000000e+00 1.00000000000000000000000000000000000000000000000000000000000e+00 1.00000000000000000000000000000000000000000000000000000000000e-03 5 1.24958034230799716702237761658723417898588226291141753369935e+01
Vc 1.00000000000000000000000000000000000000000000000000000000000e+00 1.00000000000000000000000000000000000000000000000000000000000e+00 1.00000000000000000000000000000000000000000000000000000000000e-03 7 4.56220300638578091385257578407580508587954108272082348660138e+01
Vc 1.00000000000000000000000000000000000000000000000000000000000e+00 1.00000000000000000000000000000000000000000000000000000000000e+00 1.00000000000000000000000000000000000000000000000000000000000e-03 9 1.84260049438010732230604731048828372606314957182218168247178e+02
Vc 1.00000000000000000000000000000000000000000000000000000000000e+00 1.00000000000000000000000000000000000000000000000000000000000e+00 1.00000000000000000000000000000000000000000000000000000000000e-03 11 8.06258129039178749037190797646319450345002272249870086970685e+02
Vp 1.00000000000000000000000000000000000000000000000000000000000e+00 1.00000000000000000000000000000000000000000000000000000000000e+00 1.00000000000000000000000000000000000000000000000000000000000e-03 -1 1.00175212219811197539793671819460953351329304253931570967497e-03
Vp 1.00000000000000000000000000000000000000000000000000000000000e+00 1.00000000000000000000000000000000000000000000000000000000000e+00 1.00000000000000000000000000000000000000000000000000000000000e-03 1 1.16529140789372290182713401580029325490928681331187002513109e-03
Vp 1.00000000000000000000000000000000000000000000000000000000000e+00 1.00000000000000000000000000000000000000000000000000000000000e+00 1.00000000000000000000000000000000000000000000000000000000000e-03 3 2.07698471282208282732733943632211749945183237738020171891490e-03
Vp 1.00000000000000000000000000000000000000000000000000000000000e+00 1.00000000000000000000000000000000000000000000000000000000000e+00 1.00000000000000000000000000000000000000000000000000000000000e-03 5 4.67214165643663160383278874609056307914487078109794590704929e-03
Vp 1.00000000000000000000000000000000000000000000000000000000000e+00 1.00000000000000000000000000000000000000000000000000000000000e+00 1.00000000000000000000000000000000000000000000000000000000000e-03 7 1.22411370915400721284443139536660395287045396228631310225287e-02
Vp 1.00000000000000000000000000000000000000000000000000000000000e+00 1.00000000000000000000000000000000000000000000000000000000000e+00 1.00000000000000000000000000000000000000000000000000000000000e-03 9 3.56542863655914282716755683829173147362796863757611262899282e-02
Vp 1.00000000000000000000000000000000000000000000000000000000000e+00 1.00000000000000000000000000000000000000000000000000000000000e+00 1.00000000000000000000000000000000000000000000000000000000000e-03 11 1.12088157287357024321335150648706828778175847976120084297412e-01
P1 1.00000000000000000000000000000000000000000000000000000000000e+00 1.00000000000000000000000000000000000000000000000000000000000e+00 1.00000000000000000000000000000000000000000000000000000000000e-03 -1 2.96695694924324343641388090936572834893176041508970986664088e+00
P1 1.00000000000000000000000000000000000000000000000000000000000e+00 1.00000000000000000000000000000000000000000000000000000000000e+00 1.00000000000000000000000000000000000000000000000000000000000e-03 1 5.21406917683008708723934512611361052545341050425002247866518e-01
P1 1.00000000000000000000000000000000000000000000000000000000000e+00 1.00000000000000000000000000000000000000000000000000000000000e+00 1.00000000000000000000000000000000000000000000000000000000000e-03 3 2.40717333955706397399634348640479133125777858177308002481565e-01
P1 1.00000000000000000000000000000000000000000000000000000000000e+00 1.00000000000000000000000000000000000000000000000000000000000e+00 1.00000000000000000000000000000000000000000000000000000000000e-03 5 1.57638896900606631883495191286756275984514744285898453638826e-01
P1 1.00000000000000000000000000000000000000000000000000000000000e+00 1.00000000000000000000000000000000000000000000000000000000000e+00 1.00000000000000000000000000000000000000000000000000000000000e-03 7 1.25897526093967055693985008064466535318625989301314756486995e-01
P1 1.00000000000000000000000000000000000000000000000000000000000e+00 1.00000000000000000000000000000000000000000000000000000000000e+00 1.00000000000000000000000000000000000000000000000000000000000e-03 9 1.15318536337050883565597610143295378709737747107072982605282e-01
P1 1.00000000000000000000000000000000000000000000000000000000000e+00 1.00000000000000000000000000000000000000000000000000000000000e+00 1.00000000000000000000000000000000000000000000000000000000000e-03 11 1.17303598051109795562308633467263979413978042620908244114792e-01
P2 1.00000000000000000000000000000000000000000000000000000000000e+00 1.00000000000000000000000000000000000000000000000000000000000e+00 1.00000000000000000000000000000000000000000000000000000000000e-03 -1 2.96075428782329803774005503256120501941532049430000405968386e+00
P2 1.00000000000000000000000000000000000000000000000000000000000e+00 1.00000000000000000000000000000000000000000000000000000000000e+00 1.00000000000000000000000000000000000000000000000000000000000e-03 1 5.21411362943814411040508458751833129551789631299625744734869e-01
P2 1.00000000000000000000000000000000000000000000000000000000000e+00 1.00000000000000000000000000000000000000000000000000000000000e+00 1.00000000000000000000000000000000000000000000000000000000000e-03 3 2.40719680296841218305614581093602822618824025880826098500857e-01
P2 1.00000000000000000000000000000000000000000000000000000000000e+00 1.00000000000000000000000000000000000000000000000000000000000e+00 1.00000000000000000000000000000000000000000000000000000000000e-03 5 1.57640702289410066435038033636839099396310152321296511489022e-01
P2 1.00000000000000000000000000000000000000000000000000000000000e+00 1.00000000000000000000000000000000000000000000000000000000000e+00 1.00000000000000000000000000000000000000000000000000000000000e-03 7 1.25899181311862787883787478666749257518821940897895063745908e-01
P2 1.00000000000000000000000000000000000000000000000000000000000e+00 1.00000000000000000000000000000000000000000000000000000000000e+00 1.00000000000000000000000000000000000000000000000000000000000e-03 9 1.15320235964825851590886519566476451375383100276517455288926e-01
P2 1.00000000000000000000000000000000000000000000000000000000000e+00 1.00000000000000000000000000000000000000000000000000000000000e+00 1.00000000000000000000000000000000000000000000000000000000000e-03 11 1.17305500820981255320391484989725445670593181304557395280496e-01
P1s 1.00000000000000000000000000000000000000000000000000000000000e+00 1.00000000000000000000000000000000000000000000000000000000000e+00 1.00000000000000000000000000000000000000000000000000000000000e-03 -1 1.11212194686759337695556016429116549609808405498571299065830e+00
P1s 1.00000000000000000000000000000000000000000000000000000000000e+00 1.00000000000000000000000000000000000000000000000000000000000e+00 1.00000000000000000000000000000000000000000000000000000000000e-03 1 1.08813880592385073849045895100064056772160531023292290005774e+00
P1s 1.00000000000000000000000000000000000000000000000000000000000e+00 1.00000000000000000000000000000000000000000000000000000000000e+00 1.00000000000000000000000000000000000000000000000000000000000e-03 3 1.77673748903708850169178842191729279149349997673244413239843e+00
P1s 1.00000000000000000000000000000000000000000000000000000000000e+00 1.00000000000000000000000000000000000000000000000000000000000e+00 1.00000000000000000000000000000000000000000000000000000000000e-03 5 3.76213446967553210615056859104618318517141705972594932186834e+00
P1s 1.00000000000000000000000000000000000000000000000000000000000e+00 1.00000000000000000000000000000000000000000000000000000000000e+00 1.00000000000000000000000000000000000000000000000000000000000e-03 7 9.35567508422807198674285172396620685402396721414432875618036e+00
P1s 1.00000000000000000000000000000000000000000000000000000000000e+00 1.00000000000000000000000000000000000000000000000000000000000e+00 1.00000000000000000000000000000000000000000000000000000000000e-03 9 2.58979594712142358989757371209599645395095800389678134883040e+01
P1s 1.00000000000000000000000000000000000000000000000000000000000e+00 1.00000000000000000000000000000000000000000000000000000000000e+00 1.00000000000000000000000000000000000000000000000000000000000e-03 11 7.72853661649121877955918361052545179571486569488827241629693e+01
P1s-b 1.00000000000000000000000000000000000000000000000000000000000e+00 1.00000000000000000000000000000000000000000000000000000000000e+00 1.00000000000000000000000000000000000000000000000000000000000e-03 -1 7.48951822321708298311358312644057644411865708152112247668429e-01
P1s-b 1.00000000000000000000000000000000000000000000000000000000000e+00 1.00000000000000000000000000000000000000000000000000000000000e+00 1.00000000000000000000000000000000000000000000000000000000000e-03 1 1.47356190690654689740231219137280375547517998044405749774995e+00
P1s-b 1.00000000000000000000000000000000000000000000000000000000000e+00 1.00000000000000000000000000000000000000000000000000000000000e+00 1.00000000000000000000000000000000000000000000000000000000000e-03 3 3.90874360392371760720500448276090892092773639554352301373077e+00
P1s-b 1.00000000000000000000000000000000000000000000000000000000000e+00 1.00000000000000000000000000000000000000000000000000000000000e+00 1.00000000000000000000000000000000000000000000000000000000000e-03 5 1.24958131949362185511763918783730641802029327385233918626787e+01
P1s-b 1.00000000000000000000000000000000000000000000000000000000000e+00 1.00000000000000000000000000000000000000000000000000000000000e+00 1.00000000000000000000000000000000000000000000000000000000000e-03 7 4.56220737991868906652469371601646390298076720032830525813346e+01
P1s-b 1.00000000000000000000000000000000000000000000000000000000000e+00 1.00000000000000000000000000000000000000000000000000000000000e+00 1.00000000000000000000000000000000000000000000000000000000000e-03 9 1.84260254737244424068353728213360905092979760781559887263790e+02
P1s-b 1.00000000000000000000000000000000000000000000000000000000000e+00 1.00000000000000000000000000000000000000000000000000000000000e+00 1.00000000000000000000000000000000000000000000000000000000000e-03 11 8.06259142470015230898666503551434223762773660312199313429496e+02
P2s 1.00000000000000000000000000000000000000000000000000000000000e+00 1.00000000000000000000000000000000000000000000000000000000000e+00 1.00000000000000000000000000000000000000000000000000000000000e-03 -1 1.11210448784629847670630279703133510110907769082673047259965e+00
P2s 1.00000000000000000000000000000000000000000000000000000000000e+00 1.00000000000000000000000000000000000000000000000000000000000e+00 1.00000000000000000000000000000000000000000000000000000000000e-03 1 1.08814047409343278759003245064429278175990453826722411740223e+00
P2s 1.00000000000000000000000000000000000000000000000000000000000e+00 1.00000000000000000000000000000000000000000000000000000000000e+00 1.00000000000000000000000000000000000000000000000000000000000e-03 3 1.77674238566546855037624841424713432492641231626289273727574e+00
P2s 1.00000000000000000000000000000000000000000000000000000000000e+00 1.00000000000000000000000000000000000000000000000000000000000e+00 1.00000000000000000000000000000000000000000000000000000000000e-03 5 3.76214779522506223604778703047905555251119870298105519723736e+00
P2s 1.00000000000000000000000000000000000000000000000000000000000e+00 1.00000000000000000000000000000000000000000000000000000000000e+00 1.00000000000000000000000000000000000000000000000000000000000e-03 7 9.35571458670996268272902452125088317906006505631925017369464e+00
P2s 1.00000000000000000000000000000000000000000000000000000000000e+00 1.00000000000000000000000000000000000000000000000000000000000e+00 1.00000000000000000000000000000000000000000000000000000000000e-03 9 2.58980857730945145733017022314762930665199542496156787075675e+01
P2s 1.00000000000000000000000000000000000000000000000000000000000e+00 1.00000000000000000000000000000000000000000000000000000000000e+00 1.00000000000000000000000000000000000000000000000000000000000e-03 11 7.72857934822854526095184122982042301581242359891521152419509e+01
P2s-b 1.00000000000000000000000000000000000000000000000000000000000e+00 1.00000000000000000000000000000000000000000000000000000000000e+00 1.00000000000000000000000000000000000000000000000000000000000e-03 -1 7.48950634970591881675101192107581476230044954225954728398594e-01
P2s-b 1.00000000000000000000000000000000000000000000000000000000000e+00 1.00000000000000000000000000000000000000000000000000000000000e+00 1.00000000000000000000000000000000000000000000000000000000000e-03 1 1.47356303033338968357090274085046972729112969556594400339281e+00
P2s-b 1.00000000000000000000000000000000000000000000000000000000000e+00 1.00000000000000000000000000000000000000000000000000000000000e+00 1.00000000000000000000000000000000000000000000000000000000000e-03 3 3.90875023495482639773018774690746078755324280326724450635772e+00
P2s-b 1.00000000000000000000000000000000000000000000000000000000000e+00 1.00000000000000000000000000000000000000000000000000000000000e+00 1.00000000000000000000000000000000000000000000000000000000000e-03 5 1.24958425105381143425567723901098531215991797103115951598060e+01
P2s-b 1.00000000000000000000000000000000000000000000000000000000000e+00 1.00000000000000000000000000000000000000000000000000000000000e+00 1.00000000000000000000000000000000000000000000000000000000000e-03 7 4.56222050053793443619784876078383504674975544687367599102063e+01
P2s-b 1.00000000000000000000000000000000000000000000000000000000000e+00 1.00000000000000000000000000000000000000000000000000000000000e+00 1.00000000000000000000000000000000000000000000000000000000000e-03 9 1.84260870636126354544149614590949873013127614475777593505194e+02
P2s-b 1.00000000000000000000000000000000000000000000000000000000000e+00 1.00000000000000000000000000000000000000000000000000000000000e+00 1.00000000000000000000000000000000000000000000000000000000000e-03 11 8.06262182769299558772075109282428333597389059990871547909193e+02
Xg 1.00000000000000000000000000000000000000000000000000000000000e+00 1.00000000000000000000000000000000000000000000000000000000000e+00 1.00000000000000000000000000000000000000000000000000000000000e-03 -1 6.66439566634031109099648096710803749509962875402238266649401e-04
Xg 1.00000000000000000000000000000000000000000000000000000000000e+00 1.00000000000000000000000000000000000000000000000000000000000e+00 1.00000000000000000000000000000000000000000000000000000000000e-03 1 1.55505449479137981758649815992580174958748760067595727048708e-03
Xg 1.00000000000000000000000000000000000000000000000000000000000e+00 1.00000000000000000000000000000000000000000000000000000000000e+00 1.00000000000000000000000000000000000000000000000000000000000e-03 3 4.14159214625339293220812800421877497273822946158710667802660e-03
Xg 1.00000000000000000000000000000000000000000000000000000000000e+00 1.00000000000000000000000000000000000000000000000000000000000e+00 1.00000000000000000000000000000000000000000000000000000000000e-03 5 1.22574486509629615913425012412585816287316787973051887910245e-02
Xg 1.00000000000000000000000000000000000000000000000000000000000e+00 1.00000000000000000000000000000000000000000000000000000000000e+00 1.00000000000000000000000000000000000000000000000000000000000e-03 7 3.92150232018566226595095715650838031484893384406437396783325e-02
Xg 1.00000000000000000000000000000000000000000000000000000000000e+00 1.00000000000000000000000000000000000000000000000000000000000e+00 1.00000000000000000000000000000000000000000000000000000000000e-03 9 1.32682253728234942998251982294549153413608073720492953204473e-01
Xg 1.00000000000000000000000000000000000000000000000000000000000e+00 1.00000000000000000000000000000000000000000000000000000000000e+00 1.00000000000000000000000000000000000000000000000000000000000e-03 11 4.67551329276500541307157177838736075085921023048296485145273e-01
Xg-b 1.00000000000000000000000000000000000000000000000000000000000e+00 1.00000000000000000000000000000000000000000000000000000000000e+00 1.00000000000000000000000000000000000000000000000000000000000e-03 -1 5.61714130865291746506256273166357983501640521557916854637069e-04
Xg-b 1.00000000000000000000000000000000000000000000000000000000000e+00 1.00000000000000000000000000000000000000000000000000000000000e+00 1.00000000000000000000000000000000000000000000000000000000000e-03 1 1.84195200915719323202329393330297374489442122153001720723324e-03
Xg-b 1.00000000000000000000000000000000000000000000000000000000000e+00 1.00000000000000000000000000000000000000000000000000000000000e+00 1.00000000000000000000000000000000000000000000000000000000000e-03 3 6.84029835974299158028916298747209494400673043728750028291977e-03
Xg-b 1.00000000000000000000000000000000000000000000000000000000000e+00 1.00000000000000000000000000000000000000000000000000000000000e+00 1.00000000000000000000000000000000000000000000000000000000000e-03 5 2.81155634021784926291566352476071778244596629217196581910478e-02
Xg-b 1.00000000000000000000000000000000000000000000000000000000000e+00 1.00000000000000000000000000000000000000000000000000000000000e+00 1.00000000000000000000000000000000000000000000000000000000000e-03 7 1.25460615477098945976705999507891034506490508433804001930679e-01
Xg-b 1.00000000000000000000000000000000000000000000000000000000000e+00 1.00000000000000000000000000000000000000000000000000000000000e+00 1.00000000000000000000000000000000000000000000000000000000000e-03 9 5.98845348864453175172721391329552453778476141181245238735865e-01
Xg-b 1.00000000000000000000000000000000000000000000000000000000000e+00 1.00000000000000000000000000000000000000000000000000000000000e+00 1.00000000000000000000000000000000000000000000000000000000000e-03 11 3.02346908178002539203685550869201118917422585623221392949970e+00
Xg-c 1.00000000000000000000000000000000000000000000000000000000000e+00 1.00000000000000000000000000000000000000000000000000000000000e+00 1.00000000000000000000000000000000000000000000000000000000000e-03 -1 6.66439236045892778654798491892321922968050401194237796676085e-04
Xg-c 1.00000000000000000000000000000000000000000000000000000000000e+00 1.00000000000000000000000000000000000000000000000000000000000e+00 1.00000000000000000000000000000000000000000000000000000000000e-03 1 1.55505516123075360848743451850284736433787328763055932992063e-03
Xg-c 1.00000000000000000000000000000000000000000000000000000000000e+00 1.00000000000000000000000000000000000000000000000000000000000e+00 1.00000000000000000000000000000000000000000000000000000000000e-03 3 4.14159681141804357533849421218987647214221570750835522550131e-03
Xg-c 1.00000000000000000000000000000000000000000000000000000000000e+00 1.00000000000000000000000000000000000000000000000000000000000e+00 1.00000000000000000000000000000000000000000000000000000000000e-03 5 1.22574693589372995876635031096735732204147082372248414447718e-02
Xg-c 1.00000000000000000000000000000000000000000000000000000000000e+00 1.00000000000000000000000000000000000000000000000000000000000e+00 1.00000000000000000000000000000000000000000000000000000000000e-03 7 3.92151090040817369478337952670702178822577760362465916784604e-02
Xg-c 1.00000000000000000000000000000000000000000000000000000000000e+00 1.00000000000000000000000000000000000000000000000000000000000e+00 1.00000000000000000000000000000000000000000000000000000000000e-03 9 1.32682606663894221275553210507033760883280849943543601799792e-01
Xg-c 1.00000000000000000000000000000000000000000000000000000000000e+00 1.00000000000000000000000000000000000000000000000000000000000e+00 1.00000000000000000000000000000000000000000000000000000000000e-03 11 4.67552788783556221628637207138355443580466872039574399614689e-01
Xg-d 1.00000000000000000000000000000000000000000000000000000000000e+00 1.00000000000000000000000000000000000000000000000000000000000e+00 1.00000000000000000000000000000000000000000000000000000000000e-03 -1 5.61713932585042190753303554774178227807507293239126106928001e-04
Xg-d 1.00000000000000000000000000000000000000000000000000000000000e+00 1.00000000000000000000000000000000000000000000000000000000000e+00 1.00000000000000000000000000000000000000000000000000000000000e-03 1 1.84195257087120843381460491437150008138300456349504029958187e-03
Xg-d 1.00000000000000000000000000000000000000000000000000000000000e+00 1.00000000000000000000000000000000000000000000000000000000000e+00 1.00000000000000000000000000000000000000000000000000000000000e-03 3 6.84030388560000205144751075135918622478517327645244730304037e-03
Xg-d 1.00000000000000000000000000000000000000000000000000000000000e+00 1.00000000000000000000000000000000000000000000000000000000000e+00 1.00000000000000000000000000000000000000000000000000000000000e-03 5 2.81155976036864084263244946190258977919249357344518753403626e-02
Xg-d 1.00000000000000000000000000000000000000000000000000000000000e+00 1.00000000000000000000000000000000000000000000000000000000000e+00 1.00000000000000000000000000000000000000000000000000000000000e-03 7 1.25460812286182417366554304441993446732617932272858026707346e-01
Xg-d 1.00000000000000000000000000000000000000000000000000000000000e+00 1.00000000000000000000000000000000000000000000000000000000000e+00 1.00000000000000000000000000000000000000000000000000000000000e-03 9 5.98846478011025716562924151150577003375695343506995378523521e-01
Xg-d 1.00000000000000000000000000000000000000000000000000000000000e+00 1.00000000000000000000000000000000000000000000000000000000000e+00 1.00000000000000000000000000000000000000000000000000000000000e-03 11 3.02347566908610825649073077464105234230403704948347983286245e+00
S 1.00000000000000000000000000000000000000000000000000000000000e+03 1.00000000000000000000000000000000000000000000000000000000000e+00 1.00000000000000000000000000000000000000000000000000000000000e+00 -1 1.62024715024175022229416689236205045687390670895574558066635e+04
S 1.00000000000000000000000000000000000000000000000000000000000e+03 1.00000000000000000000000000000000000000000000000000000000000e+00 1.00000000000000000000000000000000000000000000000000000000000e+00 1 3.33334614105957145902987824508289928050256362602785555399371e+08
S 1.00000000000000000000000000000000000000000000000000000000000e+03 1.00000000000000000000000000000000000000000000000000000000000e+00 1.00000000000000000000000000000000000000000000000000000000000e+00 3 1.00000083333719230835030675633450532614141161185655990345902e+14
S 1.00000000000000000000000000000000000000000000000000000000000e+03 1.00000000000000000000000000000000000000000000000000000000000e+00 1.00000000000000000000000000000000000000000000000000000000000e+00 5 4.76190892857559525547421529553398782225776591421086001767923e+19
S 1.00000000000000000000000000000000000000000000000000000000000e+03 1.00000000000000000000000000000000000000000000000000000000000e+00 1.00000000000000000000000000000000000000000000000000000000000e+00 7 2.77778055555847222482639843369595405033633284542726401378271e+25
S 1.00000000000000000000000000000000000000000000000000000000000e+03 1.00000000000000000000000000000000000000000000000000000000000e+00 1.00000000000000000000000000000000000000000000000000000000000e+00 9 1.81818390151765151749526697443772228714586020503615130293942e+31
S 1.00000000000000000000000000000000000000000000000000000000000e+03 1.00000000000000000000000000000000000000000000000000000000000e+00 1.00000000000000000000000000000000000000000000000000000000000e+00 11 1.28205294872024038707074376345145876654530311212340161702309e+37
Ef 1.00000000000000000000000000000000000000000000000000000000000e+03 1.00000000000000000000000000000000000000000000000000000000000e+00 1.00000000000000000000000000000000000000000000000000000000000e+00 -1 1.38596109028655337925186333124185370721114338189110066249854e+03
Ef 1.00000000000000000000000000000000000000000000000000000000000e+03 1.00000000000000000000000000000000000000000000000000000000000e+00 1.00000000000000000000000000000000000000000000000000000000000e+00 1 1.00000011549120300999053613060755780269559184873245492952051e+09
Ef 1.00000000000000000000000000000000000000000000000000000000000e+03 1.00000000000000000000000000000000000000000000000000000000000e+00 1.00000000000000000000000000000000000000000000000000000000000e+00 3 1.50000025000003464783689258051742399825823642962696151779535e+15
Ef 1.00000000000000000000000000000000000000000000000000000000000e+03 1.00000000000000000000000000000000000000000000000000000000000e+00 1.00000000000000000000000000000000000000000000000000000000000e+00 5 3.00000062500012500001546806767742930704036945290158959744882e+21
Ef 1.00000000000000000000000000000000000000000000000000000000000e+03 1.00000000000000000000000000000000000000000000000000000000000e+00 1.00000000000000000000000000000000000000000000000000000000000e+00 7 7.08333508333377083341145834175497709467577564017439207827930e+27
Ef 1.00000000000000000000000000000000000000000000000000000000000e+03 1.00000000000000000000000000000000000000000000000000000000000e+00 1.00000000000000000000000000000000000000000000000000000000000e+00 9 1.86000053125015750003515625546875051679010001556543195914285e+34
Ef 1.00000000000000000000000000000000000000000000000000000000000e+03 1.00000000000000000000000000000000000000000000000000000000000e+00 1.00000000000000000000000000000000000000000000000000000000000e+00 11 5.25000170500058437515468753007812910156284358445670544597653e+40
Ec 1.00000000000000000000000000000000000000000000000000000000000e+03 1.00000000000000000000000000000000000000000000000000000000000e+00 1.00000000000000000000000000000000000000000000000000000000000e+00 -1 1.39393914698289567752178185394613654743678068856422730322826e+04
Ec 1.00000000000000000000000000000000000000000000000000000000000e+03 1.00000000000000000000000000000000000000000000000000000000000e+00 1.00000000000000000000000000000000000000000000000000000000000e+00 1 3.33338130393456676630965083141858371791619480932015586995987e+08
Ec 1.00000000000000000000000000000000000000000000000000000000000e+03 1.00000000000000000000000000000000000000000000000000000000000e+00 1.00000000000000000000000000000000000000000000000000000000000e+00 3 1.00000333336757557419375243026270484678104075612744046149420e+14
Ec 1.00000000000000000000000000000000000000000000000000000000000e+03 1.00000000000000000000000000000000000000000000000000000000000e+00 1.00000000000000000000000000000000000000000000000000000000000e+00 5 4.76192142861031777913215618420568040190756841557420382268699e+19
Ec 1.00000000000000000000000000000000000000000000000000000000000e+03 1.00000000000000000000000000000000000000000000000000000000000e+00 1.00000000000000000000000000000000000000000000000000000000000e+00 7 2.77778888891611116111145776059249783470166927951524782530088e+25
Ec 1.00000000000000000000000000000000000000000000000000000000000e+03 1.00000000000000000000000000000000000000000000000000000000000e+00 1.00000000000000000000000000000000000000000000000000000000000e+00 9 1.81819015153848489348491765193450051257536955155434736525899e+31
Ec 1.00000000000000000000000000000000000000000000000000000000000e+03 1.00000000000000000000000000000000000000000000000000000000000e+00 1.00000000000000000000000000000000000000000000000000000000000e+00 11 1.28205794873933765398054006389870323499815221522647236174854e+37
Vc 1.00000000000000000000000000000000000000000000000000000000000e+03 1.00000000000000000000000000000000000000000000000000000000000e+00 1.00000000000000000000000000000000000000000000000000000000000e+00 -1 1.38529479861976952517748171058060542936657392994515007568951e+03
Vc 1.00000000000000000000000000000000000000000000000000000000000e+03 1.00000000000000000000000000000000000000000000000000000000000e+00 1.00000000000000000000000000000000000000000000000000000000000e+00 1 1.00000080817190440322523359772571681406458399597343419339614e+09
Vc 1.00000000000000000000000000000000000000000000000000000000000e+03 1.00000000000000000000000000000000000000000000000000000000000e+00 1.00000000000000000000000000000000000000000000000000000000000e+00 3 1.50000175000107377834247948078719124627437766936603491986350e+15
Vc 1.00000000000000000000000000000000000000000000000000000000000e+03 1.00000000000000000000000000000000000000000000000000000000000e+00 1.00000000000000000000000000000000000000000000000000000000000e+00 5 3.00000437500387500196393690852553221917335344560785548928111e+21
Vc 1.00000000000000000000000000000000000000000000000000000000000e+03 1.00000000000000000000000000000000000000000000000000000000000e+00 1.00000000000000000000000000000000000000000000000000000000000e+00 7 7.08334558334689584325521263575942921761504632524987889498318e+27
Vc 1.00000000000000000000000000000000000000000000000000000000000e+03 1.00000000000000000000000000000000000000000000000000000000000e+00 1.00000000000000000000000000000000000000000000000000000000000e+00 9 1.86000371875488250446484654453230763074393930406856217282937e+34
Vc 1.00000000000000000000000000000000000000000000000000000000000e+03 1.00000000000000000000000000000000000000000000000000000000000e+00 1.00000000000000000000000000000000000000000000000000000000000e+00 11 5.25001193501811564464532786993027090125120038585412356004837e+40
Vp 1.00000000000000000000000000000000000000000000000000000000000e+03 1.00000000000000000000000000000000000000000000000000000000000e+00 1.00000000000000000000000000000000000000000000000000000000000e+00 -1 7.51181916306528579313216727411663215733710437798820952522638e+00
Vp 1.00000000000000000000000000000000000000000000000000000000000e+03 1.00000000000000000000000000000000000000000000000000000000000e+00 1.00000000000000000000000000000000000000000000000000000000000e+00 1 5.00005856500225591971798266993380636543946661021659440543104e+05
Vp 1.00000000000000000000000000000000000000000000000000000000000e+03 1.00000000000000000000000000000000000000000000000000000000000e+00 1.00000000000000000000000000000000000000000000000000000000000e+00 3 2.50001125009069387194463779901021604294353075104334945228530e+11
Vp 1.00000000000000000000000000000000000000000000000000000000000e+03 1.00000000000000000000000000000000000000000000000000000000000e+00 1.00000000000000000000000000000000000000000000000000000000000e+00 5 1.66667604169520852027945573352237450278335883875178299775596e+17
Vp 1.00000000000000000000000000000000000000000000000000000000000e+03 1.00000000000000000000000000000000000000000000000000000000000e+00 1.00000000000000000000000000000000000000000000000000000000000e+00 7 1.25000875003329869254386080563372332666661676247913322723514e+23
Vp 1.00000000000000000000000000000000000000000000000000000000000e+03 1.00000000000000000000000000000000000000000000000000000000000e+00 1.00000000000000000000000000000000000000000000000000000000000e+00 9 1.00000843753995845548202506115646791111695429598820715420691e+29
Vp 1.00000000000000000000000000000000000000000000000000000000000e+03 1.00000000000000000000000000000000000000000000000000000000000e+00 1.00000000000000000000000000000000000000000000000000000000000e+00 11 8.33341583380427262484841082879961452742225179203608065186897e+34
P1 1.00000000000000000000000000000000000000000000000000000000000e+03 1.00000000000000000000000000000000000000000000000000000000000e+00 1.00000000000000000000000000000000000000000000000000000000000e+00 -1 1.30623649536269160071282063214188528568637840951473063399840e+04
P1 1.00000000000000000000000000000000000000000000000000000000000e+03 1.00000000000000000000000000000000000000000000000000000000000e+00 1.00000000000000000000000000000000000000000000000000000000000e+00 1 3.33341520877080121170622680832115373052538304466405674847382e+08
P1 1.00000000000000000000000000000000000000000000000000000000000e+03 1.00000000000000000000000000000000000000000000000000000000000e+00 1.00000000000000000000000000000000000000000000000000000000000e+00 3 1.00000583340948490910093779295119040454441135170049450298911e+14
P1 1.00000000000000000000000000000000000000000000000000000000000e+03 1.00000000000000000000000000000000000000000000000000000000000e+00 1.00000000000000000000000000000000000000000000000000000000000e+00 5 4.76193392865892937438943081693610345220438093073710631442373e+19
P1 1.00000000000000000000000000000000000000000000000000000000000e+03 1.00000000000000000000000000000000000000000000000000000000000e+00 1.00000000000000000000000000000000000000000000000000000000000e+00 7 2.77779722228347234878563853449465806753913026331145439959964e+25
P1 1.00000000000000000000000000000000000000000000000000000000000e+03 1.00000000000000000000000000000000000000000000000000000000000e+00 1.00000000000000000000000000000000000000000000000000000000000e+00 9 1.81819640156765162905794822554602613084824381748476896016219e+31
P1 1.00000000000000000000000000000000000000000000000000000000000e+03 1.00000000000000000000000000000000000000000000000000000000000e+00 1.00000000000000000000000000000000000000000000000000000000000e+00 11 1.28206294876607383727927647205263207007380199260378457383313e+37
P2 1.00000000000000000000000000000000000000000000000000000000000e+03 1.00000000000000000000000000000000000000000000000000000000000e+00 1.00000000000000000000000000000000000000000000000000000000000e+00 -1 1.17798396339403530825054490122039121989555230811938937026343e+04
P2 1.00000000000000000000000000000000000000000000000000000000000e+03 1.00000000000000000000000000000000000000000000000000000000000e+00 1.00000000000000000000000000000000000000000000000000000000000e+00 1 3.33359950659177660166227765689446702193428833821167640447979e+08
P2 1.00000000000000000000000000000000000000000000000000000000000e+03 1.00000000000000000000000000000000000000000000000000000000000e+00 1.00000000000000000000000000000000000000000000000000000000000e+00 3 1.00002083419942695310393288316272193757151532292794401684880e+14
P2 1.00000000000000000000000000000000000000000000000000000000000e+03 1.00000000000000000000000000000000000000000000000000000000000e+00 1.00000000000000000000000000000000000000000000000000000000000e+00 5 4.76200892965895953578720381627441913509554484126784775365448e+19
P2 1.00000000000000000000000000000000000000000000000000000000000e+03 1.00000000000000000000000000000000000000000000000000000000000e+00 1.00000000000000000000000000000000000000000000000000000000000e+00 7 2.77784722298347753327548932187667372091342613480528187078311e+25
P2 1.00000000000000000000000000000000000000000000000000000000000e+03 1.00000000000000000000000000000000000000000000000000000000000e+00 1.00000000000000000000000000000000000000000000000000000000000e+00 9 1.81823390216765629502033929408796798801679635741966651931196e+31
P2 1.00000000000000000000000000000000000000000000000000000000000e+03 1.00000000000000000000000000000000000000000000000000000000000e+00 1.00000000000000000000000000000000000000000000000000000000000e+00 11 1.28209294931607872543165627534226130200583871043275516681917e+37
P1s 1.00000000000000000000000000000000000000000000000000000000000e+03 1.00000000000000000000000000000000000000000000000000000000000e+00 1.00000000000000000000000000000000000000000000000000000000000e+00 -1 1.38521816288691340961109454458186572299848474114520906178813e+03
P1s 1.00000000000000000000000000000000000000000000000000000000000e+03 1.00000000000000000000000000000000000000000000000000000000000e+00 1.00000000000000000000000000000000000000000000000000000000000e+00 1 1.00000080824745449504570348225550210605608557108429453659908e+09
P1s 1.00000000000000000000000000000000000000000000000000000000000e+03 1.00000000000000000000000000000000000000000000000000000000000e+00 1.00000000000000000000000000000000000000000000000000000000000e+00 3 1.50000175000072749420145020968163899217981682466661598315211e+15
P1s 1.00000000000000000000000000000000000000000000000000000000000e+03 1.00000000000000000000000000000000000000000000000000000000000e+00 1.00000000000000000000000000000000000000000000000000000000000e+00 5 3.00000437500262500075166114473806918399061335602079630835208e+21
P1s 1.00000000000000000000000000000000000000000000000000000000000e+03 1.00000000000000000000000000000000000000000000000000000000000e+00 1.00000000000000000000000000000000000000000000000000000000000e+00 7 7.08334558334252083713020917902461295136028842027944749512382e+27
P1s 1.00000000000000000000000000000000000000000000000000000000000e+03 1.00000000000000000000000000000000000000000000000000000000000e+00 1.00000000000000000000000000000000000000000000000000000000000e+00 9 1.86000371875330750170859429921885174955493366175419018286021e+34
P1s 1.00000000000000000000000000000000000000000000000000000000000e+03 1.00000000000000000000000000000000000000000000000000000000000e+00 1.00000000000000000000000000000000000000000000000000000000000e+00 11 5.25001193501227188251781552070393261731722904335199405722097e+40
P1s-b 1.00000000000000000000000000000000000000000000000000000000000e+03 1.00000000000000000000000000000000000000000000000000000000000e+00 1.00000000000000000000000000000000000000000000000000000000000e+00 -1 1.38484948455145731733125066389102613423083657683990967128025e+03
P1s-b 1.00000000000000000000000000000000000000000000000000000000000e+03 1.00000000000000000000000000000000000000000000000000000000000e+00 1.00000000000000000000000000000000000000000000000000000000000e+00 1 1.00000150069817534706166066186697521006646271009348365560762e+09
P1s-b 1.00000000000000000000000000000000000000000000000000000000000e+03 1.00000000000000000000000000000000000000000000000000000000000e+00 1.00000000000000000000000000000000000000000000000000000000000e+00 3 1.50000325000280545817923994971870025373658872847140141376516e+15
P1s-b 1.00000000000000000000000000000000000000000000000000000000000e+03 1.00000000000000000000000000000000000000000000000000000000000e+00 1.00000000000000000000000000000000000000000000000000000000000e+00 5 3.00000812501012500659656866443412280331805497981639195822260e+21
P1s-b 1.00000000000000000000000000000000000000000000000000000000000e+03 1.00000000000000000000000000000000000000000000000000000000000e+00 1.00000000000000000000000000000000000000000000000000000000000e+00 7 7.08335608336877086666147635395701877649956630770405618862950e+27
P1s-b 1.00000000000000000000000000000000000000000000000000000000000e+03 1.00000000000000000000000000000000000000000000000000000000000e+00 1.00000000000000000000000000000000000000000000000000000000000e+00 9 1.86000690626275751499766795547422796488544349327549154089743e+34
P1s-b 1.00000000000000000000000000000000000000000000000000000000000e+03 1.00000000000000000000000000000000000000000000000000000000000e+00 1.00000000000000000000000000000000000000000000000000000000000e+00 11 5.25002216504733444098975188012161349457179602883669773975194e+40
P2s 1.00000000000000000000000000000000000000000000000000000000000e+03 1.00000000000000000000000000000000000000000000000000000000000e+00 1.00000000000000000000000000000000000000000000000000000000000e+00 -1 1.38425523493279885124645947773436692348085476035498304894011e+03
P2s 1.00000000000000000000000000000000000000000000000000000000000e+03 1.00000000000000000000000000000000000000000000000000000000000e+00 1.00000000000000000000000000000000000000000000000000000000000e+00 1 1.00000288527747158173877450432027779586025048243387037252784e+09
P2s 1.00000000000000000000000000000000000000000000000000000000000e+03 1.00000000000000000000000000000000000000000000000000000000000e+00 1.00000000000000000000000000000000000000000000000000000000000e+00 3 1.50000625000903845635841051114781195561220420588873727539339e+15
P2s 1.00000000000000000000000000000000000000000000000000000000000e+03 1.00000000000000000000000000000000000000000000000000000000000e+00 1.00000000000000000000000000000000000000000000000000000000000e+00 5 3.00001562503262503153236924298933979012620608050190560344286e+21
P2s 1.00000000000000000000000000000000000000000000000000000000000e+03 1.00000000000000000000000000000000000000000000000000000000000e+00 1.00000000000000000000000000000000000000000000000000000000000e+00 7 7.08337708344752099266157412880357846263708059105003045203701e+27
P2s 1.00000000000000000000000000000000000000000000000000000000000e+03 1.00000000000000000000000000000000000000000000000000000000000e+00 1.00000000000000000000000000000000000000000000000000000000000e+00 9 1.86001328129110757169773147113760489768017969559260629807543e+34
P2s 1.00000000000000000000000000000000000000000000000000000000000e+03 1.00000000000000000000000000000000000000000000000000000000000e+00 1.00000000000000000000000000000000000000000000000000000000000e+00 11 5.25004262515252219047010121636379645870763859456522242420707e+40
P2s-b 1.00000000000000000000000000000000000000000000000000000000000e+03 1.00000000000000000000000000000000000000000000000000000000000e+00 1.00000000000000000000000000000000000000000000000000000000000e+00 -1 1.38403044437277667894284637398937879032974978148299376727739e+03
P2s-b 1.00000000000000000000000000000000000000000000000000000000000e+03 1.00000000000000000000000000000000000000000000000000000000000e+00 1.00000000000000000000000000000000000000000000000000000000000e+00 1 1.00000357731021511093782532189226690400853007706334722438784e+09
P2s-b 1.00000000000000000000000000000000000000000000000000000000000e+03 1.00000000000000000000000000000000000000000000000000000000000e+00 1.00000000000000000000000000000000000000000000000000000000000e+00 3 1.50000775001423143247472794176974037008460051633121308004782e+15
P2s-b 1.00000000000000000000000000000000000000000000000000000000000e+03 1.00000000000000000000000000000000000000000000000000000000000e+00 1.00000000000000000000000000000000000000000000000000000000000e+00 5 3.00001937505137506464446347600370001036861355063880432379410e+21
P2s-b 1.00000000000000000000000000000000000000000000000000000000000e+03 1.00000000000000000000000000000000000000000000000000000000000e+00 1.00000000000000000000000000000000000000000000000000000000000e+00 7 7.08338758351314616000552538582457197674449314283501155031411e+27
P2s-b 1.00000000000000000000000000000000000000000000000000000000000e+03 1.00000000000000000000000000000000000000000000000000000000000e+00 1.00000000000000000000000000000000000000000000000000000000000e+00 9 1.86001646881473264700254972907071304426165425742972111029737e+34
P2s-b 1.00000000000000000000000000000000000000000000000000000000000e+03 1.00000000000000000000000000000000000000000000000000000000000e+00 1.00000000000000000000000000000000000000000000000000000000000e+00 11 5.25005285524017877181144538529020460371995512469018142639071e+40
Xg 1.00000000000000000000000000000000000000000000000000000000000e+03 1.00000000000000000000000000000000000000000000000000000000000e+00 1.00000000000000000000000000000000000000000000000000000000000e+00 -1 1.22883475903362779963849762659219107491519109546228017467048e+04
Xg 1.00000000000000000000000000000000000000000000000000000000000e+03 1.00000000000000000000000000000000000000000000000000000000000e+00 1.00000000000000000000000000000000000000000000000000000000000e+00 1 3.33350883860716329081290124672879280961609319144855185270684e+08
Xg 1.00000000000000000000000000000000000000000000000000000000000e+03 1.00000000000000000000000000000000000000000000000000000000000e+00 1.00000000000000000000000000000000000000000000000000000000000e+00 3 1.00001333373796792297754435564540193699223218696568945973603e+14
Xg 1.00000000000000000000000000000000000000000000000000000000000e+03 1.00000000000000000000000000000000000000000000000000000000000e+00 1.00000000000000000000000000000000000000000000000000000000000e+00 5 4.76197142906866197421243029057185528169293730351249228578712e+19
Xg 1.00000000000000000000000000000000000000000000000000000000000e+03 1.00000000000000000000000000000000000000000000000000000000000e+00 1.00000000000000000000000000000000000000000000000000000000000e+00 7 2.77782222257027966531221346615966510712665223996001047722625e+25
Xg 1.00000000000000000000000000000000000000000000000000000000000e+03 1.00000000000000000000000000000000000000000000000000000000000e+00 1.00000000000000000000000000000000000000000000000000000000000e+00 9 1.81821515181348654724221932816611617708863485030782887575289e+31
Xg 1.00000000000000000000000000000000000000000000000000000000000e+03 1.00000000000000000000000000000000000000000000000000000000000e+00 1.00000000000000000000000000000000000000000000000000000000000e+00 11 1.28207794899142271982190514541029960371306046838418754075997e+37
Xg-b 1.00000000000000000000000000000000000000000000000000000000000e+03 1.00000000000000000000000000000000000000000000000000000000000e+00 1.00000000000000000000000000000000000000000000000000000000000e+00 -1 1.38468762317161288677198216944062249940724927258539943859255e+03
Xg-b 1.00000000000000000000000000000000000000000000000000000000000e+03 1.00000000000000000000000000000000000000000000000000000000000e+00 1.00000000000000000000000000000000000000000000000000000000000e+00 1 1.00000184687685425409384306520513390503563519334802183780230e+09
Xg-b 1.00000000000000000000000000000000000000000000000000000000000e+03 1.00000000000000000000000000000000000000000000000000000000000e+00 1.00000000000000000000000000000000000000000000000000000000000e+00 3 1.50000400000413293598689392310609291797893631070954291152013e+15
Xg-b 1.00000000000000000000000000000000000000000000000000000000000e+03 1.00000000000000000000000000000000000000000000000000000000000e+00 1.00000000000000000000000000000000000000000000000000000000000e+00 5 3.00001000001491667787395829465046673638362361798879310805209e+21
Xg-b 1.00000000000000000000000000000000000000000000000000000000000e+03 1.00000000000000000000000000000000000000000000000000000000000e+00 1.00000000000000000000000000000000000000000000000000000000000e+00 7 7.08336133338554172329170070771978650425727430629799246633349e+27
Xg-b 1.00000000000000000000000000000000000000000000000000000000000e+03 1.00000000000000000000000000000000000000000000000000000000000e+00 1.00000000000000000000000000000000000000000000000000000000000e+00 9 1.86000850001879502548127211219865867135448631129238574764288e+34
Xg-b 1.00000000000000000000000000000000000000000000000000000000000e+03 1.00000000000000000000000000000000000000000000000000000000000e+00 1.00000000000000000000000000000000000000000000000000000000000e+00 11 5.25002728006973552878428828378650446572139388693308691378580e+40
Xg-c 1.00000000000000000000000000000000000000000000000000000000000e+03 1.00000000000000000000000000000000000000000000000000000000000e+00 1.00000000000000000000000000000000000000000000000000000000000e+00 -1 1.17024193500687988888097459751237471421225969213259198611065e+04
Xg-c 1.00000000000000000000000000000000000000000000000000000000000e+03 1.00000000000000000000000000000000000000000000000000000000000e+00 1.00000000000000000000000000000000000000000000000000000000000e+00 1 3.33362801296686559023702737494825470565134501840002146997622e+08
Xg-c 1.00000000000000000000000000000000000000000000000000000000000e+03 1.00000000000000000000000000000000000000000000000000000000000e+00 1.00000000000000000000000000000000000000000000000000000000000e+00 3 1.00002333447446981819075174359429629285714084765899797453841e+14
Xg-c 1.00000000000000000000000000000000000000000000000000000000000e+03 1.00000000000000000000000000000000000000000000000000000000000e+00 1.00000000000000000000000000000000000000000000000000000000000e+00 5 4.76202143002703546428884484278479529407615406997012236139358e+19
Xg-c 1.00000000000000000000000000000000000000000000000000000000000e+03 1.00000000000000000000000000000000000000000000000000000000000e+00 1.00000000000000000000000000000000000000000000000000000000000e+00 7 2.77785555657445341969748856505748743710869255882956782811902e+25
Xg-c 1.00000000000000000000000000000000000000000000000000000000000e+03 1.00000000000000000000000000000000000000000000000000000000000e+00 1.00000000000000000000000000000000000000000000000000000000000e+00 9 1.81824015238849292604086585853373207672362119477898572285852e+31
Xg-c 1.00000000000000000000000000000000000000000000000000000000000e+03 1.00000000000000000000000000000000000000000000000000000000000e+00 1.00000000000000000000000000000000000000000000000000000000000e+00 11 1.28209794951851273570874864910035106043529126988895440386154e+37
Xg-d 1.00000000000000000000000000000000000000000000000000000000000e+03 1.00000000000000000000000000000000000000000000000000000000000e+00 1.00000000000000000000000000000000000000000000000000000000000e+00 -1 1.38415521699889972270594413717061576466100265504922056591706e+03
Xg-d 1.00000000000000000000000000000000000000000000000000000000000e+03 1.00000000000000000000000000000000000000000000000000000000000e+00 1.00000000000000000000000000000000000000000000000000000000000e+00 1 1.00000323124090397909483551842074157736101228263203234970236e+09
Xg-d 1.00000000000000000000000000000000000000000000000000000000000e+03 1.00000000000000000000000000000000000000000000000000000000000e+00 1.00000000000000000000000000000000000000000000000000000000000e+00 3 1.50000700001209633885504578600550107179129187828298937331944e+15
Xg-d 1.00000000000000000000000000000000000000000000000000000000000e+03 1.00000000000000000000000000000000000000000000000000000000000e+00 1.00000000000000000000000000000000000000000000000000000000000e+00 5 3.00001750004366671994832223742538832755292222691464331776168e+21
Xg-d 1.00000000000000000000000000000000000000000000000000000000000e+03 1.00000000000000000000000000000000000000000000000000000000000e+00 1.00000000000000000000000000000000000000000000000000000000000e+00 7 7.08338233348616693591692533427056676691355723064162916435561e+27
Xg-d 1.00000000000000000000000000000000000000000000000000000000000e+03 1.00000000000000000000000000000000000000000000000000000000000e+00 1.00000000000000000000000000000000000000000000000000000000000e+00 9 1.86001487505502012116266804825955797079254153971373581758848e+34
Xg-d 1.00000000000000000000000000000000000000000000000000000000000e+03 1.00000000000000000000000000000000000000000000000000000000000e+00 1.00000000000000000000000000000000000000000000000000000000000e+00 11 5.25004774020414219978259093242255438388096392477965674595109e+40
S 1.00000000000000000000000000000000000000000000000000000000000e+00 1.00000000000000000000000000000000000000000000000000000000000e+03 1.00000000000000000000000000000000000000000000000000000000000e+00 -1 1.62024715024175022229416689236205045687390670895574558066635e+04
S 1.00000000000000000000000000000000000000000000000000000000000e+00 1.00000000000000000000000000000000000000000000000000000000000e+03 1.00000000000000000000000000000000000000000000000000000000000e+00 1 3.33334614105957145902987824508289928050256362602785555399371e+08
S 1.00000000000000000000000000000000000000000000000000000000000e+00 1.00000000000000000000000000000000000000000000000000000000000e+03 1.00000000000000000000000000000000000000000000000000000000000e+00 3 1.00000083333719230835030675633450532614141161185655990345902e+14
S 1.00000000000000000000000000000000000000000000000000000000000e+00 1.00000000000000000000000000000000000000000000000000000000000e+03 1.00000000000000000000000000000000000000000000000000000000000e+00 5 4.76190892857559525547421529553398782225776591421086001767923e+19
S 1.00000000000000000000000000000000000000000000000000000000000e+00 1.00000000000000000000000000000000000000000000000000000000000e+03 1.00000000000000000000000000000000000000000000000000000000000e+00 7 2.77778055555847222482639843369595405033633284542726401378271e+25
S 1.00000000000000000000000000000000000000000000000000000000000e+00 1.00000000000000000000000000000000000000000000000000000000000e+03 1.00000000000000000000000000000000000000000000000000000000000e+00 9 1.81818390151765151749526697443772228714586020503615130293942e+31
S 1.00000000000000000000000000000000000000000000000000000000000e+00 1.00000000000000000000000000000000000000000000000000000000000e+03 1.00000000000000000000000000000000000000000000000000000000000e+00 11 1.28205294872024038707074376345145876654530311212340161702309e+37
Ef 1.00000000000000000000000000000000000000000000000000000000000e+00 1.00000000000000000000000000000000000000000000000000000000000e+03 1.00000000000000000000000000000000000000000000000000000000000e+00 -1 1.34312156135111793185123238817980454321613502914533326018021e+04
Ef 1.00000000000000000000000000000000000000000000000000000000000e+00 1.00000000000000000000000000000000000000000000000000000000000e+03 1.00000000000000000000000000000000000000000000000000000000000e+00 1 3.33341375078592608105145043224754879591618693514082529006801e+08
Ef 1.00000000000000000000000000000000000000000000000000000000000e+00 1.00000000000000000000000000000000000000000000000000000000000e+03 1.00000000000000000000000000000000000000000000000000000000000e+00 3 1.00000583344187729706578883332351266505761897762339263800004e+14
Ef 1.00000000000000000000000000000000000000000000000000000000000e+00 1.00000000000000000000000000000000000000000000000000000000000e+03 1.00000000000000000000000000000000000000000000000000000000000e+00 5 4.76193392870059724728484491252030080536398125383471357227014e+19
Ef 1.00000000000000000000000000000000000000000000000000000000000e+00 1.00000000000000000000000000000000000000000000000000000000000e+03 1.00000000000000000000000000000000000000000000000000000000000e+00 7 2.77779722231263921962250186719188849278388747090481371671845e+25
Ef 1.00000000000000000000000000000000000000000000000000000000000e+00 1.00000000000000000000000000000000000000000000000000000000000e+03 1.00000000000000000000000000000000000000000000000000000000000e+00 9 1.81819640159265181280869667295937425353652007500758514476865e+31
Ef 1.00000000000000000000000000000000000000000000000000000000000e+00 1.00000000000000000000000000000000000000000000000000000000000e+03 1.00000000000000000000000000000000000000000000000000000000000e+00 11 1.28206294878899069644676642249875395853382109195363901122813e+37
Ec 1.00000000000000000000000000000000000000000000000000000000000e+00 1.00000000000000000000000000000000000000000000000000000000000e+03 1.00000000000000000000000000000000000000000000000000000000000e+00 -1 8.15598930649213409552922912255122423551474362433388902349541e+00
Ec 1.00000000000000000000000000000000000000000000000000000000000e+00 1.00000000000000000000000000000000000000000000000000000000000e+03 1.00000000000000000000000000000000000000000000000000000000000e+00 1 5.00002077997954427808780937804869645163133194436816004065525e+05
Ec 1.00000000000000000000000000000000000000000000000000000000000e+00 1.00000000000000000000000000000000000000000000000000000000000e+03 1.00000000000000000000000000000000000000000000000000000000000e+00 3 2.50000375001194938411787443095220994433058956161164931833821e+11
Ec 1.00000000000000000000000000000000000000000000000000000000000e+00 1.00000000000000000000000000000000000000000000000000000000000e+03 1.00000000000000000000000000000000000000000000000000000000000e+00 5 1.66666979167020834253480649678755975323047479481975803496797e+17
Ec 1.00000000000000000000000000000000000000000000000000000000000e+00 1.00000000000000000000000000000000000000000000000000000000000e+03 1.00000000000000000000000000000000000000000000000000000000000e+00 7 1.25000291667079861488716115623832038445371599365099729884826e+23
Ec 1.00000000000000000000000000000000000000000000000000000000000e+00 1.00000000000000000000000000000000000000000000000000000000000e+03 1.00000000000000000000000000000000000000000000000000000000000e+00 9 1.00000281250495833899740021615441042200246096058042320917799e+29
Ec 1.00000000000000000000000000000000000000000000000000000000000e+00 1.00000000000000000000000000000000000000000000000000000000000e+03 1.00000000000000000000000000000000000000000000000000000000000e+00 11 8.33336083339177091640633035161695973151309874201900232421041e+34
Vc 1.00000000000000000000000000000000000000000000000000000000000e+00 1.00000000000000000000000000000000000000000000000000000000000e+03 1.00000000000000000000000000000000000000000000000000000000000e+00 -1 1.38529479861976952517748171058060542936657392994515007568951e+03
Vc 1.00000000000000000000000000000000000000000000000000000000000e+00 1.00000000000000000000000000000000000000000000000000000000000e+03 1.00000000000000000000000000000000000000000000000000000000000e+00 1 1.00000080817190440322523359772571681406458399597343419339614e+09
Vc 1.00000000000000000000000000000000000000000000000000000000000e+00 1.00000000000000000000000000000000000000000000000000000000000e+03 1.00000000000000000000000000000000000000000000000000000000000e+00 3 1.50000175000107377834247948078719124627437766936603491986350e+15
Vc 1.00000000000000000000000000000000000000000000000000000000000e+00 1.00000000000000000000000000000000000000000000000000000000000e+03 1.00000000000000000000000000000000000000000000000000000000000e+00 5 3.00000437500387500196393690852553221917335344560785548928111e+21
Vc 1.00000000000000000000000000000000000000000000000000000000000e+00 1.00000000000000000000000000000000000000000000000000000000000e+03 1.00000000000000000000000000000000000000000000000000000000000e+00 7 7.08334558334689584325521263575942921761504632524987889498318e+27
Vc 1.00000000000000000000000000000000000000000000000000000000000e+00 1.00000000000000000000000000000000000000000000000000000000000e+03 1.00000000000000000000000000000000000000000000000000000000000e+00 9 1.86000371875488250446484654453230763074393930406856217282937e+34
Vc 1.00000000000000000000000000000000000000000000000000000000000e+00 1.00000000000000000000000000000000000000000000000000000000000e+03 1.00000000000000000000000000000000000000000000000000000000000e+00 11 5.25001193501811564464532786993027090125120038585412356004837e+40
Vp 1.00000000000000000000000000000000000000000000000000000000000e+00 1.00000000000000000000000000000000000000000000000000000000000e+03 1.00000000000000000000000000000000000000000000000000000000000e+00 -1 1.38552941540338994782384863536466701920150370055085089034735e+03
Vp 1.00000000000000000000000000000000000000000000000000000000000e+00 1.00000000000000000000000000000000000000000000000000000000000e+03 1.00000000000000000000000000000000000000000000000000000000000e+00 1 1.00000046188911844499567161145628215695365640452759469881747e+09
Vp 1.00000000000000000000000000000000000000000000000000000000000e+00 1.00000000000000000000000000000000000000000000000000000000000e+03 1.00000000000000000000000000000000000000000000000000000000000e+00 3 1.50000100000032334017722263294884361028723174174176203681690e+15
Vp 1.00000000000000000000000000000000000000000000000000000000000e+00 1.00000000000000000000000000000000000000000000000000000000000e+03 1.00000000000000000000000000000000000000000000000000000000000e+00 5 3.00000250000116666696362238875887816596950971005203914465635e+21
Vp 1.00000000000000000000000000000000000000000000000000000000000e+00 1.00000000000000000000000000000000000000000000000000000000000e+03 1.00000000000000000000000000000000000000000000000000000000000e+00 7 7.08334033333741666816666698617734489705635091581587526797975e+27
Vp 1.00000000000000000000000000000000000000000000000000000000000e+00 1.00000000000000000000000000000000000000000000000000000000000e+03 1.00000000000000000000000000000000000000000000000000000000000e+00 9 1.86000212500147000067500020750003832106372326042115050438696e+34
Vp 1.00000000000000000000000000000000000000000000000000000000000e+00 1.00000000000000000000000000000000000000000000000000000000000e+03 1.00000000000000000000000000000000000000000000000000000000000e+00 11 5.25000682000545416963666780791697083338311463120280879951826e+40
P1 1.00000000000000000000000000000000000000000000000000000000000e+00 1.00000000000000000000000000000000000000000000000000000000000e+03 1.00000000000000000000000000000000000000000000000000000000000e+00 -1 1.30623649536269160071282063214188528568637840951473063399840e+04
P1 1.00000000000000000000000000000000000000000000000000000000000e+00 1.00000000000000000000000000000000000000000000000000000000000e+03 1.00000000000000000000000000000000000000000000000000000000000e+00 1 3.33341520877080121170622680832115373052538304466405674847382e+08
P1 1.00000000000000000000000000000000000000000000000000000000000e+00 1.00000000000000000000000000000000000000000000000000000000000e+03 1.00000000000000000000000000000000000000000000000000000000000e+00 3 1.00000583340948490910093779295119040454441135170049450298911e+14
P1 1.00000000000000000000000000000000000000000000000000000000000e+00 1.00000000000000000000000000000000000000000000000000000000000e+03 1.00000000000000000000000000000000000000000000000000000000000e+00 5 4.76193392865892937438943081693610345220438093073710631442373e+19
P1 1.00000000000000000000000000000000000000000000000000000000000e+00 1.00000000000000000000000000000000000000000000000000000000000e+03 1.00000000000000000000000000000000000000000000000000000000000e+00 7 2.77779722228347234878563853449465806753913026331145439959964e+25
P1 1.00000000000000000000000000000000000000000000000000000000000e+00 1.00000000000000000000000000000000000000000000000000000000000e+03 1.00000000000000000000000000000000000000000000000000000000000e+00 9 1.81819640156765162905794822554602613084824381748476896016219e+31
P1 1.00000000000000000000000000000000000000000000000000000000000e+00 1.00000000000000000000000000000000000000000000000000000000000e+03 1.00000000000000000000000000000000000000000000000000000000000e+00 11 1.28206294876607383727927647205263207007380199260378457383313e+37
P2 1.00000000000000000000000000000000000000000000000000000000000e+00 1.00000000000000000000000000000000000000000000000000000000000e+03 1.00000000000000000000000000000000000000000000000000000000000e+00 -1 1.17798396339403530825054490122039121989555230811938937026343e+04
P2 1.00000000000000000000000000000000000000000000000000000000000e+00 1.00000000000000000000000000000000000000000000000000000000000e+03 1.00000000000000000000000000000000000000000000000000000000000e+00 1 3.33359950659177660166227765689446702193428833821167640447979e+08
P2 1.00000000000000000000000000000000000000000000000000000000000e+00 1.00000000000000000000000000000000000000000000000000000000000e+03 1.00000000000000000000000000000000000000000000000000000000000e+00 3 1.00002083419942695310393288316272193757151532292794401684880e+14
P2 1.00000000000000000000000000000000000000000000000000000000000e+00 1.00000000000000000000000000000000000000000000000000000000000e+03 1.00000000000000000000000000000000000000000000000000000000000e+00 5 4.76200892965895953578720381627441913509554484126784775365448e+19
P2 1.00000000000000000000000000000000000000000000000000000000000e+00 1.00000000000000000000000000000000000000000000000000000000000e+03 1.00000000000000000000000000000000000000000000000000000000000e+00 7 2.77784722298347753327548932187667372091342613480528187078311e+25
P2 1.00000000000000000000000000000000000000000000000000000000000e+00 1.00000000000000000000000000000000000000000000000000000000000e+03 1.00000000000000000000000000000000000000000000000000000000000e+00 9 1.81823390216765629502033929408796798801679635741966651931196e+31
P2 1.00000000000000000000000000000000000000000000000000000000000e+00 1.00000000000000000000000000000000000000000000000000000000000e+03 1.00000000000000000000000000000000000000000000000000000000000e+00 11 1.28209294931607872543165627534226130200583871043275516681917e+37
P1s 1.00000000000000000000000000000000000000000000000000000000000e+00 1.00000000000000000000000000000000000000000000000000000000000e+03 1.00000000000000000000000000000000000000000000000000000000000e+00 -1 1.25035361276496833449162405070572942576256885463116788499147e+04
P1s 1.00000000000000000000000000000000000000000000000000000000000e+00 1.00000000000000000000000000000000000000000000000000000000000e+03 1.00000000000000000000000000000000000000000000000000000000000e+00 1 3.33347805584193117455592254305148465603397836193840494708235e+08
P1s 1.00000000000000000000000000000000000000000000000000000000000e+00 1.00000000000000000000000000000000000000000000000000000000000e+03 1.00000000000000000000000000000000000000000000000000000000000e+00 3 1.00001083361126112862843839672801992361370841736149102495210e+14
P1s 1.00000000000000000000000000000000000000000000000000000000000e+00 1.00000000000000000000000000000000000000000000000000000000000e+03 1.00000000000000000000000000000000000000000000000000000000000e+00 5 4.76195892890893521082937270587754470586168921818571460275814e+19
P1s 1.00000000000000000000000000000000000000000000000000000000000e+00 1.00000000000000000000000000000000000000000000000000000000000e+03 1.00000000000000000000000000000000000000000000000000000000000e+00 7 2.77781388912513999984473439412299079516605046037567662927603e+25
P1s 1.00000000000000000000000000000000000000000000000000000000000e+00 1.00000000000000000000000000000000000000000000000000000000000e+03 1.00000000000000000000000000000000000000000000000000000000000e+00 9 1.81820890171765251499916703071646237341185094639180603540915e+31
P1s 1.00000000000000000000000000000000000000000000000000000000000e+00 1.00000000000000000000000000000000000000000000000000000000000e+03 1.00000000000000000000000000000000000000000000000000000000000e+00 11 1.28207294890357476540836711127977028491218658097250557582034e+37
P1s-b 1.00000000000000000000000000000000000000000000000000000000000e+00 1.00000000000000000000000000000000000000000000000000000000000e+03 1.00000000000000000000000000000000000000000000000000000000000e+00 -1 1.38484948455145731733125066389102613423083657683990967128025e+03
P1s-b 1.00000000000000000000000000000000000000000000000000000000000e+00 1.00000000000000000000000000000000000000000000000000000000000e+03 1.00000000000000000000000000000000000000000000000000000000000e+00 1 1.00000150069817534706166066186697521006646271009348365560762e+09
P1s-b 1.00000000000000000000000000000000000000000000000000000000000e+00 1.00000000000000000000000000000000000000000000000000000000000e+03 1.00000000000000000000000000000000000000000000000000000000000e+00 3 1.50000325000280545817923994971870025373658872847140141376516e+15
P1s-b 1.00000000000000000000000000000000000000000000000000000000000e+00 1.00000000000000000000000000000000000000000000000000000000000e+03 1.00000000000000000000000000000000000000000000000000000000000e+00 5 3.00000812501012500659656866443412280331805497981639195822260e+21
P1s-b 1.00000000000000000000000000000000000000000000000000000000000e+00 1.00000000000000000000000000000000000000000000000000000000000e+03 1.00000000000000000000000000000000000000000000000000000000000e+00 7 7.08335608336877086666147635395701877649956630770405618862950e+27
P1s-b 1.00000000000000000000000000000000000000000000000000000000000e+00 1.00000000000000000000000000000000000000000000000000000000000e+03 1.00000000000000000000000000000000000000000000000000000000000e+00 9 1.86000690626275751499766795547422796488544349327549154089743e+34
P1s-b 1.00000000000000000000000000000000000000000000000000000000000e+00 1.00000000000000000000000000000000000000000000000000000000000e+03 1.00000000000000000000000000000000000000000000000000000000000e+00 11 5.25002216504733444098975188012161349457179602883669773975194e+40
P2s 1.00000000000000000000000000000000000000000000000000000000000e+00 1.00000000000000000000000000000000000000000000000000000000000e+03 1.00000000000000000000000000000000000000000000000000000000000e+00 -1 1.15766045940079034015616577789100478009614405672627421611163e+04
P2s 1.00000000000000000000000000000000000000000000000000000000000e+00 1.00000000000000000000000000000000000000000000000000000000000e+03 1.00000000000000000000000000000000000000000000000000000000000e+00 1 3.33365753769776616522153854754931582358097042412860161415404e+08
P2s 1.00000000000000000000000000000000000000000000000000000000000e+00 1.00000000000000000000000000000000000000000000000000000000000e+03 1.00000000000000000000000000000000000000000000000000000000000e+00 3 1.00002583467139124979469196209984775088160070928837652439063e+14
P2s 1.00000000000000000000000000000000000000000000000000000000000e+00 1.00000000000000000000000000000000000000000000000000000000000e+03 1.00000000000000000000000000000000000000000000000000000000000e+00 5 4.76203393028399076837666885224284269758325117901076776888725e+19
P2s 1.00000000000000000000000000000000000000000000000000000000000e+00 1.00000000000000000000000000000000000000000000000000000000000e+03 1.00000000000000000000000000000000000000000000000000000000000e+00 7 2.77786389008764977826148887657321292096389529215517048912213e+25
P2s 1.00000000000000000000000000000000000000000000000000000000000e+00 1.00000000000000000000000000000000000000000000000000000000000e+03 1.00000000000000000000000000000000000000000000000000000000000e+00 9 1.81824640254266131537642641585560604735258882905975552003797e+31
P2s 1.00000000000000000000000000000000000000000000000000000000000e+00 1.00000000000000000000000000000000000000000000000000000000000e+03 1.00000000000000000000000000000000000000000000000000000000000e+00 11 1.28210294965983398485460112581859431498636544436662307642452e+37
P2s-b 1.00000000000000000000000000000000000000000000000000000000000e+00 1.00000000000000000000000000000000000000000000000000000000000e+03 1.00000000000000000000000000000000000000000000000000000000000e+00 -1 1.38403044437277667894284637398937879032974978148299376727739e+03
P2s-b 1.00000000000000000000000000000000000000000000000000000000000e+00 1.00000000000000000000000000000000000000000000000000000000000e+03 1.00000000000000000000000000000000000000000000000000000000000e+00 1 1.00000357731021511093782532189226690400853007706334722438784e+09
P2s-b 1.00000000000000000000000000000000000000000000000000000000000e+00 1.00000000000000000000000000000000000000000000000000000000000e+03 1.00000000000000000000000000000000000000000000000000000000000e+00 3 1.50000775001423143247472794176974037008460051633121308004782e+15
P2s-b 1.00000000000000000000000000000000000000000000000000000000000e+00 1.00000000000000000000000000000000000000000000000000000000000e+03 1.00000000000000000000000000000000000000000000000000000000000e+00 5 3.00001937505137506464446347600370001036861355063880432379410e+21
P2s-b 1.00000000000000000000000000000000000000000000000000000000000e+00 1.00000000000000000000000000000000000000000000000000000000000e+03 1.00000000000000000000000000000000000000000000000000000000000e+00 7 7.08338758351314616000552538582457197674449314283501155031411e+27
P2s-b 1.00000000000000000000000000000000000000000000000000000000000e+00 1.00000000000000000000000000000000000000000000000000000000000e+03 1.00000000000000000000000000000000000000000000000000000000000e+00 9 1.86001646881473264700254972907071304426165425742972111029737e+34
P2s-b 1.00000000000000000000000000000000000000000000000000000000000e+00 1.00000000000000000000000000000000000000000000000000000000000e+03 1.00000000000000000000000000000000000000000000000000000000000e+00 11 5.25005285524017877181144538529020460371995512469018142639071e+40
Xg 1.00000000000000000000000000000000000000000000000000000000000e+00 1.00000000000000000000000000000000000000000000000000000000000e+03 1.00000000000000000000000000000000000000000000000000000000000e+00 -1 6.93147086809978512524531938272589283424350077136132646576296e-01
Xg 1.00000000000000000000000000000000000000000000000000000000000e+00 1.00000000000000000000000000000000000000000000000000000000000e+03 1.00000000000000000000000000000000000000000000000000000000000e+00 1 1.50000017328677743165805121735269784304536705455714515589700e+06
Xg 1.00000000000000000000000000000000000000000000000000000000000e+00 1.00000000000000000000000000000000000000000000000000000000000e+03 1.00000000000000000000000000000000000000000000000000000000000e+00 3 3.75000112500009819584248780968496986704801793126622649878217e+12
Xg 1.00000000000000000000000000000000000000000000000000000000000e+00 1.00000000000000000000000000000000000000000000000000000000000e+03 1.00000000000000000000000000000000000000000000000000000000000e+00 5 1.05000046875010625000747814986374207999462472645413114897815e+19
Xg 1.00000000000000000000000000000000000000000000000000000000000e+00 1.00000000000000000000000000000000000000000000000000000000000e+03 1.00000000000000000000000000000000000000000000000000000000000e+00 7 3.18750183750061979177994792341763098142238342610008013829233e+25
Xg 1.00000000000000000000000000000000000000000000000000000000000e+00 1.00000000000000000000000000000000000000000000000000000000000e+03 1.00000000000000000000000000000000000000000000000000000000000e+00 9 1.02300071718781237508496095064843818633710318702296054471756e+32
Xg 1.00000000000000000000000000000000000000000000000000000000000e+00 1.00000000000000000000000000000000000000000000000000000000000e+03 1.00000000000000000000000000000000000000000000000000000000000e+00 11 3.41250281325149015677335949552736008789138953174108746129153e+38
Xg-b 1.00000000000000000000000000000000000000000000000000000000000e+00 1.00000000000000000000000000000000000000000000000000000000000e+03 1.00000000000000000000000000000000000000000000000000000000000e+00 -1 6.93146899310212887160518957695496057940783933493434972383937e-01
Xg-b 1.00000000000000000000000000000000000000000000000000000000000e+00 1.00000000000000000000000000000000000000000000000000000000000e+03 1.00000000000000000000000000000000000000000000000000000000000e+00 1 1.50000051986024271173470970209201755978083168812791127585707e+06
Xg-b 1.00000000000000000000000000000000000000000000000000000000000e+00 1.00000000000000000000000000000000000000000000000000000000000e+03 1.00000000000000000000000000000000000000000000000000000000000e+00 3 3.75000337500079134285664161653165571070503760103655995333028e+12
Xg-b 1.00000000000000000000000000000000000000000000000000000000000e+00 1.00000000000000000000000000000000000000000000000000000000000e+03 1.00000000000000000000000000000000000000000000000000000000000e+00 5 1.05000140625085625016127015080719348571878088493262818636666e+19
Xg-b 1.00000000000000000000000000000000000000000000000000000000000e+00 1.00000000000000000000000000000000000000000000000000000000000e+03 1.00000000000000000000000000000000000000000000000000000000000e+00 7 3.18750551250499479410963580825865797137762553151015613673729e+25
Xg-b 1.00000000000000000000000000000000000000000000000000000000000e+00 1.00000000000000000000000000000000000000000000000000000000000e+03 1.00000000000000000000000000000000000000000000000000000000000e+00 9 1.02300215156501737683222732517979445986384387468327785961567e+32
Xg-b 1.00000000000000000000000000000000000000000000000000000000000e+00 1.00000000000000000000000000000000000000000000000000000000000e+03 1.00000000000000000000000000000000000000000000000000000000000e+00 11 3.41250843976200891753652261623301487336464602080005017033347e+38
Xg-c 1.00000000000000000000000000000000000000000000000000000000000e+00 1.00000000000000000000000000000000000000000000000000000000000e+03 1.00000000000000000000000000000000000000000000000000000000000e+00 -1 6.93146711810564448927366398792014976835347469429761867654585e-01
Xg-c 1.00000000000000000000000000000000000000000000000000000000000e+00 1.00000000000000000000000000000000000000000000000000000000000e+03 1.00000000000000000000000000000000000000000000000000000000000e+00 1 1.50000086643364549191683673981027161441584121320247059442664e+06
Xg-c 1.00000000000000000000000000000000000000000000000000000000000e+00 1.00000000000000000000000000000000000000000000000000000000000e+03 1.00000000000000000000000000000000000000000000000000000000000e+00 3 3.75000562500183106329232556490837175635221410357535318367568e+12
Xg-c 1.00000000000000000000000000000000000000000000000000000000000e+00 1.00000000000000000000000000000000000000000000000000000000000e+03 1.00000000000000000000000000000000000000000000000000000000000e+00 5 1.05000234375198125047102022234318422176537073556546761173629e+19
Xg-c 1.00000000000000000000000000000000000000000000000000000000000e+00 1.00000000000000000000000000000000000000000000000000000000000e+03 1.00000000000000000000000000000000000000000000000000000000000e+00 7 3.18750918751155729880182427577640751284332214185611552214048e+25
Xg-c 1.00000000000000000000000000000000000000000000000000000000000e+00 1.00000000000000000000000000000000000000000000000000000000000e+03 1.00000000000000000000000000000000000000000000000000000000000e+00 9 1.02300358594332488035136983455511051867986507896538468764059e+32
Xg-c 1.00000000000000000000000000000000000000000000000000000000000e+00 1.00000000000000000000000000000000000000000000000000000000000e+03 1.00000000000000000000000000000000000000000000000000000000000e+00 11 3.41251406627778706421444613967803848771694363948472138039610e+38
Xg-d 1.00000000000000000000000000000000000000000000000000000000000e+00 1.00000000000000000000000000000000000000000000000000000000000e+03 1.00000000000000000000000000000000000000000000000000000000000e+00 -1 6.93146524311150384525273609000838135908517256851618542264955e-01
Xg-d 1.00000000000000000000000000000000000000000000000000000000000e+00 1.00000000000000000000000000000000000000000000000000000000000e+03 1.00000000000000000000000000000000000000000000000000000000000e+00 1 1.50000121300692327243294719598863360131556164714728589642606e+06
Xg-d 1.00000000000000000000000000000000000000000000000000000000000e+00 1.00000000000000000000000000000000000000000000000000000000000e+03 1.00000000000000000000000000000000000000000000000000000000000e+00 3 3.75000787500356393037419527848674082619880877162198810537966e+12
Xg-d 1.00000000000000000000000000000000000000000000000000000000000e+00 1.00000000000000000000000000000000000000000000000000000000000e+03 1.00000000000000000000000000000000000000000000000000000000000e+00 5 1.05000328125385625127463744138999133702318485587964565563565e+19
Xg-d 1.00000000000000000000000000000000000000000000000000000000000e+00 1.00000000000000000000000000000000000000000000000000000000000e+03 1.00000000000000000000000000000000000000000000000000000000000e+00 7 3.18751286252249481097526557220016108783812903316155184404162e+25
Xg-d 1.00000000000000000000000000000000000000000000000000000000000e+00 1.00000000000000000000000000000000000000000000000000000000000e+03 1.00000000000000000000000000000000000000000000000000000000000e+00 9 1.02300502032383738948145535361946807143179135581386900580379e+32
Xg-d 1.00000000000000000000000000000000000000000000000000000000000e+00 1.00000000000000000000000000000000000000000000000000000000000e+03 1.00000000000000000000000000000000000000000000000000000000000e+00 11 3.41251969280408399545579516862850656355310697901029129067444e+38
S 1.00000000000000000000000000000000000000000000000000000000000e+00 1.00000000000000000000000000000000000000000000000000000000000e+00 1.00000000000000000000000000000000000000000000000000000000000e+03 -1 2.97320959824737870252818566763957179801974547921061087877759e+00
S 1.00000000000000000000000000000000000000000000000000000000000e+00 1.00000000000000000000000000000000000000000000000000000000000e+00 1.00000000000000000000000000000000000000000000000000000000000e+03 1 5.21405433164720678330982356607243974914031567779008341796211e-01
S 1.00000000000000000000000000000000000000000000000000000000000e+00 1.00000000000000000000000000000000000000000000000000000000000e+00 1.00000000000000000000000000000000000000000000000000000000000e+03 3 2.40716551846442949331016686362573837263218041785249813665823e-01
S 1.00000000000000000000000000000000000000000000000000000000000e+00 1.00000000000000000000000000000000000000000000000000000000000e+00 1.00000000000000000000000000000000000000000000000000000000000e+03 5 1.57638295108249379660705056043054180200251251661002780581147e-01
S 1.00000000000000000000000000000000000000000000000000000000000e+00 1.00000000000000000000000000000000000000000000000000000000000e+00 1.00000000000000000000000000000000000000000000000000000000000e+03 7 1.25896974358881040766252810354942596662767095612123815413285e-01
S 1.00000000000000000000000000000000000000000000000000000000000e+00 1.00000000000000000000000000000000000000000000000000000000000e+00 1.00000000000000000000000000000000000000000000000000000000000e+03 9 1.15317969799424865447233043501624576889833824362588873034464e-01
S 1.00000000000000000000000000000000000000000000000000000000000e+00 1.00000000000000000000000000000000000000000000000000000000000e+00 1.00000000000000000000000000000000000000000000000000000000000e+03 11 1.17302963800717921391952463088519659739954158529762729957202e-01
Ef 1.00000000000000000000000000000000000000000000000000000000000e+00 1.00000000000000000000000000000000000000000000000000000000000e+00 1.00000000000000000000000000000000000000000000000000000000000e+03 -1 1.11212868984900627843411401871865204093106726529345144404774e+00
Ef 1.00000000000000000000000000000000000000000000000000000000000e+00 1.00000000000000000000000000000000000000000000000000000000000e+00 1.00000000000000000000000000000000000000000000000000000000000e+03 1 1.08813824986125402601338003988221876159370331865944832353717e+00
Ef 1.00000000000000000000000000000000000000000000000000000000000e+00 1.00000000000000000000000000000000000000000000000000000000000e+00 1.00000000000000000000000000000000000000000000000000000000000e+03 3 1.77673585682929666244698584858885004047476839197033405468689e+00
Ef 1.00000000000000000000000000000000000000000000000000000000000e+00 1.00000000000000000000000000000000000000000000000000000000000e+00 1.00000000000000000000000000000000000000000000000000000000000e+03 5 3.76213002783384977334288297579776954778654316591658889840605e+00
Ef 1.00000000000000000000000000000000000000000000000000000000000e+00 1.00000000000000000000000000000000000000000000000000000000000e+00 1.00000000000000000000000000000000000000000000000000000000000e+03 7 9.35566191676520134651471412530880801793928751529351740508753e+00
Ef 1.00000000000000000000000000000000000000000000000000000000000e+00 1.00000000000000000000000000000000000000000000000000000000000e+00 1.00000000000000000000000000000000000000000000000000000000000e+03 9 2.58979173707059836699406544994985681435874406440006274271850e+01
Ef 1.00000000000000000000000000000000000000000000000000000000000e+00 1.00000000000000000000000000000000000000000000000000000000000e+00 1.00000000000000000000000000000000000000000000000000000000000e+03 11 7.72852237262508725421459137558725412924811201337082170543788e+01
Ec 1.00000000000000000000000000000000000000000000000000000000000e+00 1.00000000000000000000000000000000000000000000000000000000000e+00 1.00000000000000000000000000000000000000000000000000000000000e+03 -1 8.15598930649213409552922912255122423551474362433388902349541e+00
Ec 1.00000000000000000000000000000000000000000000000000000000000e+00 1.00000000000000000000000000000000000000000000000000000000000e+00 1.00000000000000000000000000000000000000000000000000000000000e+03 1 5.00002077997954427808780937804869645163133194436816004065525e+05
Ec 1.00000000000000000000000000000000000000000000000000000000000e+00 1.00000000000000000000000000000000000000000000000000000000000e+00 1.00000000000000000000000000000000000000000000000000000000000e+03 3 2.50000375001194938411787443095220994433058956161164931833821e+11
Ec 1.00000000000000000000000000000000000000000000000000000000000e+00 1.00000000000000000000000000000000000000000000000000000000000e+00 1.00000000000000000000000000000000000000000000000000000000000e+03 5 1.66666979167020834253480649678755975323047479481975803496797e+17
Ec 1.00000000000000000000000000000000000000000000000000000000000e+00 1.00000000000000000000000000000000000000000000000000000000000e+00 1.00000000000000000000000000000000000000000000000000000000000e+03 7 1.25000291667079861488716115623832038445371599365099729884826e+23
Ec 1.00000000000000000000000000000000000000000000000000000000000e+00 1.00000000000000000000000000000000000000000000000000000000000e+00 1.00000000000000000000000000000000000000000000000000000000000e+03 9 1.00000281250495833899740021615441042200246096058042320917799e+29
Ec 1.00000000000000000000000000000000000000000000000000000000000e+00 1.00000000000000000000000000000000000000000000000000000000000e+00 1.00000000000000000000000000000000000000000000000000000000000e+03 11 8.33336083339177091640633035161695973151309874201900232421041e+34
Vc 1.00000000000000000000000000000000000000000000000000000000000e+00 1.00000000000000000000000000000000000000000000000000000000000e+00 1.00000000000000000000000000000000000000000000000000000000000e+03 -1 7.48952218549366145659957630202267716157610948623707990682122e-01
Vc 1.00000000000000000000000000000000000000000000000000000000000e+00 1.00000000000000000000000000000000000000000000000000000000000e+00 1.00000000000000000000000000000000000000000000000000000000000e+03 1 1.47356153243053669629011641648627030121081433713416174549913e+00
Vc 1.00000000000000000000000000000000000000000000000000000000000e+00 1.00000000000000000000000000000000000000000000000000000000000e+00 1.00000000000000000000000000000000000000000000000000000000000e+03 3 3.90874139358113810436754558006208887421022251140207611426672e+00
Vc 1.00000000000000000000000000000000000000000000000000000000000e+00 1.00000000000000000000000000000000000000000000000000000000000e+00 1.00000000000000000000000000000000000000000000000000000000000e+03 5 1.24958034230799716702237761658723417898588226291141753369935e+01
Vc 1.00000000000000000000000000000000000000000000000000000000000e+00 1.00000000000000000000000000000000000000000000000000000000000e+00 1.00000000000000000000000000000000000000000000000000000000000e+03 7 4.56220300638578091385257578407580508587954108272082348660138e+01
Vc 1.00000000000000000000000000000000000000000000000000000000000e+00 1.00000000000000000000000000000000000000000000000000000000000e+00 1.00000000000000000000000000000000000000000000000000000000000e+03 9 1.84260049438010732230604731048828372606314957182218168247178e+02
Vc 1.00000000000000000000000000000000000000000000000000000000000e+00 1.00000000000000000000000000000000000000000000000000000000000e+00 1.00000000000000000000000000000000000000000000000000000000000e+03 11 8.06258129039178749037190797646319450345002272249870086970685e+02
Vp 1.00000000000000000000000000000000000000000000000000000000000e+00 1.00000000000000000000000000000000000000000000000000000000000e+00 1.00000000000000000000000000000000000000000000000000000000000e+03 -1 7.51181916306528579313216727411663215733710437798820952522638e+00
Vp 1.00000000000000000000000000000000000000000000000000000000000e+00 1.00000000000000000000000000000000000000000000000000000000000e+00 1.00000000000000000000000000000000000000000000000000000000000e+03 1 5.00005856500225591971798266993380636543946661021659440543104e+05
Vp 1.00000000000000000000000000000000000000000000000000000000000e+00 1.00000000000000000000000000000000000000000000000000000000000e+00 1.00000000000000000000000000000000000000000000000000000000000e+03 3 2.50001125009069387194463779901021604294353075104334945228530e+11
Vp 1.00000000000000000000000000000000000000000000000000000000000e+00 1.00000000000000000000000000000000000000000000000000000000000e+00 1.00000000000000000000000000000000000000000000000000000000000e+03 5 1.66667604169520852027945573352237450278335883875178299775596e+17
Vp 1.00000000000000000000000000000000000000000000000000000000000e+00 1.00000000000000000000000000000000000000000000000000000000000e+00 1.00000000000000000000000000000000000000000000000000000000000e+03 7 1.25000875003329869254386080563372332666661676247913322723514e+23
Vp 1.00000000000000000000000000000000000000000000000000000000000e+00 1.00000000000000000000000000000000000000000000000000000000000e+00 1.00000000000000000000000000000000000000000000000000000000000e+03 9 1.00000843753995845548202506115646791111695429598820715420691e+29
Vp 1.00000000000000000000000000000000000000000000000000000000000e+00 1.00000000000000000000000000000000000000000000000000000000000e+00 1.00000000000000000000000000000000000000000000000000000000000e+03 11 8.33341583380427262484841082879961452742225179203608065186897e+34
P1 1.00000000000000000000000000000000000000000000000000000000000e+00 1.00000000000000000000000000000000000000000000000000000000000e+00 1.00000000000000000000000000000000000000000000000000000000000e+03 -1 9.99999833333404166623511937227154248990417338618899079093333e-04
P1 1.00000000000000000000000000000000000000000000000000000000000e+00 1.00000000000000000000000000000000000000000000000000000000000e+00 1.00000000000000000000000000000000000000000000000000000000000e+03 1 1.00000016666664305556418650329861425452190398983830524447426e+03
P1 1.00000000000000000000000000000000000000000000000000000000000e+00 1.00000000000000000000000000000000000000000000000000000000000e+00 1.00000000000000000000000000000000000000000000000000000000000e+03 3 1.00000050000007083332470238373511770044275478691368091324895e+09
P1 1.00000000000000000000000000000000000000000000000000000000000e+00 1.00000000000000000000000000000000000000000000000000000000000e+00 1.00000000000000000000000000000000000000000000000000000000000e+03 5 1.00000083333368750004315475726686642654161093854244341644756e+15
P1 1.00000000000000000000000000000000000000000000000000000000000e+00 1.00000000000000000000000000000000000000000000000000000000000e+00 1.00000000000000000000000000000000000000000000000000000000000e+03 7 1.00000116666749305585763892135416352325420259863549103057985e+21
P1 1.00000000000000000000000000000000000000000000000000000000000e+00 1.00000000000000000000000000000000000000000000000000000000000e+00 1.00000000000000000000000000000000000000000000000000000000000e+03 9 1.00000150000148750090625029218752829071719018348050851355277e+27
P1 1.00000000000000000000000000000000000000000000000000000000000e+00 1.00000000000000000000000000000000000000000000000000000000000e+00 1.00000000000000000000000000000000000000000000000000000000000e+03 11 1.00000183333567083532708440468781119794424131956872118547702e+33
P2 1.00000000000000000000000000000000000000000000000000000000000e+00 1.00000000000000000000000000000000000000000000000000000000000e+00 1.00000000000000000000000000000000000000000000000000000000000e+03 -1 4.99999979166668880207996186819361112798278563613065725098096e-04
P2 1.00000000000000000000000000000000000000000000000000000000000e+00 1.00000000000000000000000000000000000000000000000000000000000e+00 1.00000000000000000000000000000000000000000000000000000000000e+03 1 2.00000008333333038194471416167011564354027152768180060678414e+03
P2 1.00000000000000000000000000000000000000000000000000000000000e+00 1.00000000000000000000000000000000000000000000000000000000000e+00 1.00000000000000000000000000000000000000000000000000000000000e+03 3 8.00000100000003541666558779770600817399898983999495965584148e+09
P2 1.00000000000000000000000000000000000000000000000000000000000e+00 1.00000000000000000000000000000000000000000000000000000000000e+00 1.00000000000000000000000000000000000000000000000000000000000e+03 5 3.20000066666673750000215773803726438913056298067757023326162e+16
P2 1.00000000000000000000000000000000000000000000000000000000000e+00 1.00000000000000000000000000000000000000000000000000000000000e+00 1.00000000000000000000000000000000000000000000000000000000000e+03 7 1.28000037333339944445048611127343749607073363654447709636246e+23
P2 1.00000000000000000000000000000000000000000000000000000000000e+00 1.00000000000000000000000000000000000000000000000000000000000e+00 1.00000000000000000000000000000000000000000000000000000000000e+03 9 5.12000192000047600007250000584375014145359535136513630563152e+29
P2 1.00000000000000000000000000000000000000000000000000000000000e+00 1.00000000000000000000000000000000000000000000000000000000000e+00 1.00000000000000000000000000000000000000000000000000000000000e+03 11 2.04800093866696586673046667523750062239584712066063204476994e+36
P1s 1.00000000000000000000000000000000000000000000000000000000000e+00 1.00000000000000000000000000000000000000000000000000000000000e+00 1.00000000000000000000000000000000000000000000000000000000000e+03 -1 9.99999333334279164842266114299593081822193696142840437787574e-04
P1s 1.00000000000000000000000000000000000000000000000000000000000e+00 1.00000000000000000000000000000000000000000000000000000000000e+00 1.00000000000000000000000000000000000000000000000000000000000e+03 1 1.00000066666635138925376923990696761234166906416121948858911e+03
P1s 1.00000000000000000000000000000000000000000000000000000000000e+00 1.00000000000000000000000000000000000000000000000000000000000e+00 1.00000000000000000000000000000000000000000000000000000000000e+03 3 1.00000200000094583296845274177031319988643140859005422985560e+09
P1s 1.00000000000000000000000000000000000000000000000000000000000e+00 1.00000000000000000000000000000000000000000000000000000000000e+00 1.00000000000000000000000000000000000000000000000000000000000e+03 5 1.00000333333806250182440416054119473688796406523903951496740e+15
P1s 1.00000000000000000000000000000000000000000000000000000000000e+00 1.00000000000000000000000000000000000000000000000000000000000e+00 1.00000000000000000000000000000000000000000000000000000000000e+03 7 1.00000466667770140165972643176961968738041976189154790453712e+21
P1s 1.00000000000000000000000000000000000000000000000000000000000e+00 1.00000000000000000000000000000000000000000000000000000000000e+00 1.00000000000000000000000000000000000000000000000000000000000e+03 9 1.00000600001986253831253788594842281917187073848405156981213e+27
P1s 1.00000000000000000000000000000000000000000000000000000000000e+00 1.00000000000000000000000000000000000000000000000000000000000e+00 1.00000000000000000000000000000000000000000000000000000000000e+03 11 1.00000733336454591762097224855765107244276938871943006918198e+33
P1s-b 1.00000000000000000000000000000000000000000000000000000000000e+00 1.00000000000000000000000000000000000000000000000000000000000e+00 1.00000000000000000000000000000000000000000000000000000000000e+03 -1 9.99998833335904159311036697549844743331123779111575001396828e-04
P1s-b 1.00000000000000000000000000000000000000000000000000000000000e+00 1.00000000000000000000000000000000000000000000000000000000000e+00 1.00000000000000000000000000000000000000000000000000000000000e+03 1 1.00000116666580972369334963277334177361500444493885554498506e+03
P1s-b 1.00000000000000000000000000000000000000000000000000000000000e+00 1.00000000000000000000000000000000000000000000000000000000000e+00 1.00000000000000000000000000000000000000000000000000000000000e+03 3 1.00000350000257083186220450605207120929003629893913604533390e+09
P1s-b 1.00000000000000000000000000000000000000000000000000000000000e+00 1.00000000000000000000000000000000000000000000000000000000000e+00 1.00000000000000000000000000000000000000000000000000000000000e+03 5 1.00000583334618750735565122006896054012007752879605217266531e+15
P1s-b 1.00000000000000000000000000000000000000000000000000000000000e+00 1.00000000000000000000000000000000000000000000000000000000000e+00 1.00000000000000000000000000000000000000000000000000000000000e+03 7 1.00000816669665977371183034842705502813324637994193359087896e+21
P1s-b 1.00000000000000000000000000000000000000000000000000000000000e+00 1.00000000000000000000000000000000000000000000000000000000000e+00 1.00000000000000000000000000000000000000000000000000000000000e+03 9 1.00001050005398765446897313603150481774670114987926112076163e+27
P1s-b 1.00000000000000000000000000000000000000000000000000000000000e+00 1.00000000000000000000000000000000000000000000000000000000000e+00 1.00000000000000000000000000000000000000000000000000000000000e+03 11 1.00001283341817117316540149947155377561988860935534773550545e+33
P2s 1.00000000000000000000000000000000000000000000000000000000000e+00 1.00000000000000000000000000000000000000000000000000000000000e+00 1.00000000000000000000000000000000000000000000000000000000000e+03 -1 4.99999916666696223944080179352721678623361796701019125089156e-04
P2s 1.00000000000000000000000000000000000000000000000000000000000e+00 1.00000000000000000000000000000000000000000000000000000000000e+00 1.00000000000000000000000000000000000000000000000000000000000e+03 1 2.00000033333329392362251363617486131137492938098675031165984e+03
P2s 1.00000000000000000000000000000000000000000000000000000000000e+00 1.00000000000000000000000000000000000000000000000000000000000e+00 1.00000000000000000000000000000000000000000000000000000000000e+03 3 8.00000400000047291662105655889462019240436253712083839573331e+09
P2s 1.00000000000000000000000000000000000000000000000000000000000e+00 1.00000000000000000000000000000000000000000000000000000000000e+00 1.00000000000000000000000000000000000000000000000000000000000e+03 5 3.20000266666761250009122023057818862938766950592862163522099e+16
P2s 1.00000000000000000000000000000000000000000000000000000000000e+00 1.00000000000000000000000000000000000000000000000000000000000e+00 1.00000000000000000000000000000000000000000000000000000000000e+03 7 1.28000149333421611136652779882551931627501787132633353798304e+23
P2s 1.00000000000000000000000000000000000000000000000000000000000e+00 1.00000000000000000000000000000000000000000000000000000000000e+00 1.00000000000000000000000000000000000000000000000000000000000e+03 9 5.12000768000635600306500075771880461410635120024684953462631e+29
P2s 1.00000000000000000000000000000000000000000000000000000000000e+00 1.00000000000000000000000000000000000000000000000000000000000e+00 1.00000000000000000000000000000000000000000000000000000000000e+03 11 2.04800375467066186936386777798774030209872138735286921620526e+36
P2s-b 1.00000000000000000000000000000000000000000000000000000000000e+00 1.00000000000000000000000000000000000000000000000000000000000e+00 1.00000000000000000000000000000000000000000000000000000000000e+03 -1 4.99999854166747005150867328929504027935832520222694182910259e-04
P2s-b 1.00000000000000000000000000000000000000000000000000000000000e+00 1.00000000000000000000000000000000000000000000000000000000000e+00 1.00000000000000000000000000000000000000000000000000000000000e+03 1 2.00000058333322621532375059236907576988510162905114072569030e+03
P2s-b 1.00000000000000000000000000000000000000000000000000000000000e+00 1.00000000000000000000000000000000000000000000000000000000000e+00 1.00000000000000000000000000000000000000000000000000000000000e+03 3 8.00000700000128541648277536402851785536043826700115277665843e+09
P2s-b 1.00000000000000000000000000000000000000000000000000000000000e+00 1.00000000000000000000000000000000000000000000000000000000000e+00 1.00000000000000000000000000000000000000000000000000000000000e+03 5 3.20000466666923750036778269382224861182671802080846222682518e+16
P2s-b 1.00000000000000000000000000000000000000000000000000000000000e+00 1.00000000000000000000000000000000000000000000000000000000000e+00 1.00000000000000000000000000000000000000000000000000000000000e+03 7 1.28000261333573277880756956840884111044074792581656990424028e+23
P2s-b 1.00000000000000000000000000000000000000000000000000000000000e+00 1.00000000000000000000000000000000000000000000000000000000000e+00 1.00000000000000000000000000000000000000000000000000000000000e+03 9 5.12001344001727601235750446271922002422175720582197898267657e+29
P2s-b 1.00000000000000000000000000000000000000000000000000000000000e+00 1.00000000000000000000000000000000000000000000000000000000000e+00 1.00000000000000000000000000000000000000000000000000000000000e+03 11 2.04800657067752587754127321198956810696593499454059347424731e+36
Xg 1.00000000000000000000000000000000000000000000000000000000000e+00 1.00000000000000000000000000000000000000000000000000000000000e+00 1.00000000000000000000000000000000000000000000000000000000000e+03 -1 7.17692984330825946245531439486290856592844984333331274718691e+00
Xg 1.00000000000000000000000000000000000000000000000000000000000e+00 1.00000000000000000000000000000000000000000000000000000000000e+00 1.00000000000000000000000000000000000000000000000000000000000e+03 1 5.00009513160690904365017260469441449946081263437820872656688e+05
Xg 1.00000000000000000000000000000000000000000000000000000000000e+00 1.00000000000000000000000000000000000000000000000000000000000e+00 1.00000000000000000000000000000000000000000000000000000000000e+03 3 2.50001875020625567778104187917717723476968741236965861110858e+11
Xg 1.00000000000000000000000000000000000000000000000000000000000e+00 1.00000000000000000000000000000000000000000000000000000000000e+00 1.00000000000000000000000000000000000000000000000000000000000e+03 5 1.66668229173270887259141556757245096762263171604471967487161e+17
Xg 1.00000000000000000000000000000000000000000000000000000000000e+00 1.00000000000000000000000000000000000000000000000000000000000e+00 1.00000000000000000000000000000000000000000000000000000000000e+03 7 1.25001458341038218228456116860272891461669044645364979236683e+23
Xg 1.00000000000000000000000000000000000000000000000000000000000e+00 1.00000000000000000000000000000000000000000000000000000000000e+00 1.00000000000000000000000000000000000000000000000000000000000e+03 9 1.00001406259245869009202818984683884501925747108347352946853e+29
Xg 1.00000000000000000000000000000000000000000000000000000000000e+00 1.00000000000000000000000000000000000000000000000000000000000e+00 1.00000000000000000000000000000000000000000000000000000000000e+03 11 8.33347083442302606579742647887845167360199603280931223615755e+34
Xg-b 1.00000000000000000000000000000000000000000000000000000000000e+00 1.00000000000000000000000000000000000000000000000000000000000e+00 1.00000000000000000000000000000000000000000000000000000000000e+03 -1 7.00663169086095079786251479491319352916967919644328483735547e+00
Xg-b 1.00000000000000000000000000000000000000000000000000000000000e+00 1.00000000000000000000000000000000000000000000000000000000000e+00 1.00000000000000000000000000000000000000000000000000000000000e+03 1 5.00013027720811013052353684366601972399368389059771222468543e+05
Xg-b 1.00000000000000000000000000000000000000000000000000000000000e+00 1.00000000000000000000000000000000000000000000000000000000000e+00 1.00000000000000000000000000000000000000000000000000000000000e+03 3 2.50002625039301632604390677568445161207314014311962162544451e+11
Xg-b 1.00000000000000000000000000000000000000000000000000000000000e+00 1.00000000000000000000000000000000000000000000000000000000000e+00 1.00000000000000000000000000000000000000000000000000000000000e+03 5 1.66668854179520976206418893932179915316896184105453597252933e+17
Xg-b 1.00000000000000000000000000000000000000000000000000000000000e+00 1.00000000000000000000000000000000000000000000000000000000000e+00 1.00000000000000000000000000000000000000000000000000000000000e+03 7 1.25002041681663258807008289227954570672214103324708958099993e+23
Xg-b 1.00000000000000000000000000000000000000000000000000000000000e+00 1.00000000000000000000000000000000000000000000000000000000000e+00 1.00000000000000000000000000000000000000000000000000000000000e+03 9 1.00001968767995929876636789849613503133792532426926312256002e+29
Xg-b 1.00000000000000000000000000000000000000000000000000000000000e+00 1.00000000000000000000000000000000000000000000000000000000000e+00 1.00000000000000000000000000000000000000000000000000000000000e+03 11 8.33352583545428499303011256377308991721073231096665769584041e+34
Xg-c 1.00000000000000000000000000000000000000000000000000000000000e+00 1.00000000000000000000000000000000000000000000000000000000000e+00 1.00000000000000000000000000000000000000000000000000000000000e+03 -1 6.93146711810564448927366398792014976835347469429761867654585e-01
Xg-c 1.00000000000000000000000000000000000000000000000000000000000e+00 1.00000000000000000000000000000000000000000000000000000000000e+00 1.00000000000000000000000000000000000000000000000000000000000e+03 1 1.50000086643364549191683673981027161441584121320247059442664e+06
Xg-c 1.00000000000000000000000000000000000000000000000000000000000e+00 1.00000000000000000000000000000000000000000000000000000000000e+00 1.00000000000000000000000000000000000000000000000000000000000e+03 3 3.75000562500183106329232556490837175635221410357535318367568e+12
Xg-c 1.00000000000000000000000000000000000000000000000000000000000e+00 1.00000000000000000000000000000000000000000000000000000000000e+00 1.00000000000000000000000000000000000000000000000000000000000e+03 5 1.05000234375198125047102022234318422176537073556546761173629e+19
Xg-c 1.00000000000000000000000000000000000000000000000000000000000e+00 1.00000000000000000000000000000000000000000000000000000000000e+00 1.00000000000000000000000000000000000000000000000000000000000e+03 7 3.18750918751155729880182427577640751284332214185611552214048e+25
Xg-c 1.00000000000000000000000000000000000000000000000000000000000e+00 1.00000000000000000000000000000000000000000000000000000000000e+00 1.00000000000000000000000000000000000000000000000000000000000e+03 9 1.02300358594332488035136983455511051867986507896538468764059e+32
Xg-c 1.00000000000000000000000000000000000000000000000000000000000e+00 1.00000000000000000000000000000000000000000000000000000000000e+00 1.00000000000000000000000000000000000000000000000000000000000e+03 11 3.41251406627778706421444613967803848771694363948472138039610e+38
Xg-d 1.00000000000000000000000000000000000000000000000000000000000e+00 1.00000000000000000000000000000000000000000000000000000000000e+00 1.00000000000000000000000000000000000000000000000000000000000e+03 -1 6.93146524311150384525273609000838135908517256851618542264955e-01
Xg-d 1.00000000000000000000000000000000000000000000000000000000000e+00 1.00000000000000000000000000000000000000000000000000000000000e+00 1.00000000000000000000000000000000000000000000000000000000000e+03 1 1.50000121300692327243294719598863360131556164714728589642606e+06
Xg-d 1.00000000000000000000000000000000000000000000000000000000000e+00 1.00000000000000000000000000000000000000000000000000000000000e+00 1.00000000000000000000000000000000000000000000000000000000000e+03 3 3.75000787500356393037419527848674082619880877162198810537966e+12
Xg-d 1.00000000000000000000000000000000000000000000000000000000000e+00 1.00000000000000000000000000000000000000000000000000000000000e+00 1.00000000000000000000000000000000000000000000000000000000000e+03 5 1.05000328125385625127463744138999133702318485587964565563565e+19
Xg-d 1.00000000000000000000000000000000000000000000000000000000000e+00 1.00000000000000000000000000000000000000000000000000000000000e+00 1.00000000000000000000000000000000000000000000000000000000000e+03 7 3.18751286252249481097526557220016108783812903316155184404162e+25
Xg-d 1.00000000000000000000000000000000000000000000000000000000000e+00 1.00000000000000000000000000000000000000000000000000000000000e+00 1.00000000000000000000000000000000000000000000000000000000000e+03 9 1.02300502032383738948145535361946807143179135581386900580379e+32
Xg-d 1.00000000000000000000000000000000000000000000000000000000000e+00 1.00000000000000000000000000000000000000000000000000000000000e+00 1.00000000000000000000000000000000000000000000000000000000000e+03 11 3.41251969280408399545579516862850656355310697901029129067444e+38
S 3.12500000000000000000000000000000000000000000000000000000000e-02 3.12500000000000000000000000000000000000000000000000000000000e-02 3.12500000000000000000000000000000000000000000000000000000000e-02 -1 9.07351561965142426308650411266959166876143029544253808220700e-05
S 3.12500000000000000000000000000000000000000000000000000000000e-02 3.12500000000000000000000000000000000000000000000000000000000e-02 3.12500000000000000000000000000000000000000000000000000000000e-02 1 1.55390928138709270456726061286700956497797837191524607478443e-08
S 3.12500000000000000000000000000000000000000000000000000000000e-02 3.12500000000000000000000000000000000000000000000000000000000e-02 3.12500000000000000000000000000000000000000000000000000000000e-02 3 7.00577371306842394787284680533263125873688962849700513953060e-12
S 3.12500000000000000000000000000000000000000000000000000000000e-02 3.12500000000000000000000000000000000000000000000000000000000e-02 3.12500000000000000000000000000000000000000000000000000000000e-02 5 4.48034981867094130793432941695340844604093182570644502735453e-15
S 3.12500000000000000000000000000000000000000000000000000000000e-02 3.12500000000000000000000000000000000000000000000000000000000e-02 3.12500000000000000000000000000000000000000000000000000000000e-02 7 3.49434299159681718189443018082581117918958545398921454220546e-18
S 3.12500000000000000000000000000000000000000000000000000000000e-02 3.12500000000000000000000000000000000000000000000000000000000e-02 3.12500000000000000000000000000000000000000000000000000000000e-02 9 3.12569983457885572817640304611894882716389543486886482889006e-21
S 3.12500000000000000000000000000000000000000000000000000000000e-02 3.12500000000000000000000000000000000000000000000000000000000e-02 3.12500000000000000000000000000000000000000000000000000000000e-02 11 3.10498359843083141064317389284765497339159767077830282091931e-24
Ef 3.12500000000000000000000000000000000000000000000000000000000e-02 3.12500000000000000000000000000000000000000000000000000000000e-02 3.12500000000000000000000000000000000000000000000000000000000e-02 -1 3.39394741775209435557285772314041760538045430082230054946209e-05
Ef 3.12500000000000000000000000000000000000000000000000000000000e-02 3.12500000000000000000000000000000000000000000000000000000000e-02 3.12500000000000000000000000000000000000000000000000000000000e-02 1 3.24290469247476466302090895140832293508560454445912934403769e-08
Ef 3.12500000000000000000000000000000000000000000000000000000000e-02 3.12500000000000000000000000000000000000000000000000000000000e-02 3.12500000000000000000000000000000000000000000000000000000000e-02 3 5.17098191435593373155857508707806130543691220218995019877006e-11
Ef 3.12500000000000000000000000000000000000000000000000000000000e-02 3.12500000000000000000000000000000000000000000000000000000000e-02 3.12500000000000000000000000000000000000000000000000000000000e-02 5 1.06926166490491419078321171576754112146163128213532584664053e-13
Ef 3.12500000000000000000000000000000000000000000000000000000000e-02 3.12500000000000000000000000000000000000000000000000000000000e-02 3.12500000000000000000000000000000000000000000000000000000000e-02 7 2.59671781765036284353862342669483576572100544812935413315978e-16
Ef 3.12500000000000000000000000000000000000000000000000000000000e-02 3.12500000000000000000000000000000000000000000000000000000000e-02 3.12500000000000000000000000000000000000000000000000000000000e-02 9 7.01964456904237759584564438066394422086672067015635310179299e-19
Ef 3.12500000000000000000000000000000000000000000000000000000000e-02 3.12500000000000000000000000000000000000000000000000000000000e-02 3.12500000000000000000000000000000000000000000000000000000000e-02 11 2.04572283850169551341412483967878472478385287987297146131785e-21
Ec 3.12500000000000000000000000000000000000000000000000000000000e-02 3.12500000000000000000000000000000000000000000000000000000000e-02 3.12500000000000000000000000000000000000000000000000000000000e-02 -1 4.11648634753775328836993869840595658692925292058956365233010e-05
Ec 3.12500000000000000000000000000000000000000000000000000000000e-02 3.12500000000000000000000000000000000000000000000000000000000e-02 3.12500000000000000000000000000000000000000000000000000000000e-02 1 2.59511716259690094569670803584818683665986986656047222888625e-08
Ec 3.12500000000000000000000000000000000000000000000000000000000e-02 3.12500000000000000000000000000000000000000000000000000000000e-02 3.12500000000000000000000000000000000000000000000000000000000e-02 3 2.47548249241400652575213896629276352299050717960687453968274e-11
Ec 3.12500000000000000000000000000000000000000000000000000000000e-02 3.12500000000000000000000000000000000000000000000000000000000e-02 3.12500000000000000000000000000000000000000000000000000000000e-02 5 2.88275041834088654374336646845303005768236976063366675606812e-14
Ec 3.12500000000000000000000000000000000000000000000000000000000e-02 3.12500000000000000000000000000000000000000000000000000000000e-02 3.12500000000000000000000000000000000000000000000000000000000e-02 7 3.82297574802167611570264382732928840918183579295319071973719e-17
Ec 3.12500000000000000000000000000000000000000000000000000000000e-02 3.12500000000000000000000000000000000000000000000000000000000e-02 3.12500000000000000000000000000000000000000000000000000000000e-02 9 5.58351357969296334246432167291958458406871542984660495463757e-20
Ec 3.12500000000000000000000000000000000000000000000000000000000e-02 3.12500000000000000000000000000000000000000000000000000000000e-02 3.12500000000000000000000000000000000000000000000000000000000e-02 11 8.80162944852201142599432823751656985881288037943080626027839e-23
Vc 3.12500000000000000000000000000000000000000000000000000000000e-02 3.12500000000000000000000000000000000000000000000000000000000e-02 3.12500000000000000000000000000000000000000000000000000000000e-02 -1 2.28562078414723555194078866638875645800052169379793698328284e-05
Vc 3.12500000000000000000000000000000000000000000000000000000000e-02 3.12500000000000000000000000000000000000000000000000000000000e-02 3.12500000000000000000000000000000000000000000000000000000000e-02 1 4.39155558476011960592900638725242108467463951448846383541562e-08
Vc 3.12500000000000000000000000000000000000000000000000000000000e-02 3.12500000000000000000000000000000000000000000000000000000000e-02 3.12500000000000000000000000000000000000000000000000000000000e-02 3 1.13759346818002467752886749223750342912105334439608155350047e-10
Vc 3.12500000000000000000000000000000000000000000000000000000000e-02 3.12500000000000000000000000000000000000000000000000000000000e-02 3.12500000000000000000000000000000000000000000000000000000000e-02 5 3.55152093990226707951017492799574648354872085437653349145920e-13
Vc 3.12500000000000000000000000000000000000000000000000000000000e-02 3.12500000000000000000000000000000000000000000000000000000000e-02 3.12500000000000000000000000000000000000000000000000000000000e-02 7 1.26626570517590101124032913706302235942167707736261780443503e-15
Vc 3.12500000000000000000000000000000000000000000000000000000000e-02 3.12500000000000000000000000000000000000000000000000000000000e-02 3.12500000000000000000000000000000000000000000000000000000000e-02 9 4.99437864757444215640796815927269940503114982114529568437935e-18
Vc 3.12500000000000000000000000000000000000000000000000000000000e-02 3.12500000000000000000000000000000000000000000000000000000000e-02 3.12500000000000000000000000000000000000000000000000000000000e-02 11 2.13414749777435490577499876769575724374828707615991354835144e-20
Vp 3.12500000000000000000000000000000000000000000000000000000000e-02 3.12500000000000000000000000000000000000000000000000000000000e-02 3.12500000000000000000000000000000000000000000000000000000000e-02 -1 2.57523170037085720745744041500635432515614335755293055225169e-05
Vp 3.12500000000000000000000000000000000000000000000000000000000e-02 3.12500000000000000000000000000000000000000000000000000000000e-02 3.12500000000000000000000000000000000000000000000000000000000e-02 1 3.89265464106874153532530624639915472621410040151006385607590e-08
Vp 3.12500000000000000000000000000000000000000000000000000000000e-02 3.12500000000000000000000000000000000000000000000000000000000e-02 3.12500000000000000000000000000000000000000000000000000000000e-02 3 7.92962670638553827099189805672649994773799330013541751058607e-11
Vp 3.12500000000000000000000000000000000000000000000000000000000e-02 3.12500000000000000000000000000000000000000000000000000000000e-02 3.12500000000000000000000000000000000000000000000000000000000e-02 5 1.95523399413141015060461877271142265066428104704396671906233e-13
Vp 3.12500000000000000000000000000000000000000000000000000000000e-02 3.12500000000000000000000000000000000000000000000000000000000e-02 3.12500000000000000000000000000000000000000000000000000000000e-02 7 5.52355368678484162318864332555041945578029991398151928451464e-16
Vp 3.12500000000000000000000000000000000000000000000000000000000e-02 3.12500000000000000000000000000000000000000000000000000000000e-02 3.12500000000000000000000000000000000000000000000000000000000e-02 9 1.72552582161760480736072887238252088253831981879418295407063e-18
Vp 3.12500000000000000000000000000000000000000000000000000000000e-02 3.12500000000000000000000000000000000000000000000000000000000e-02 3.12500000000000000000000000000000000000000000000000000000000e-02 11 5.81732620653164838340920512840190828716855567547006259721946e-21
P1 3.12500000000000000000000000000000000000000000000000000000000e-02 3.12500000000000000000000000000000000000000000000000000000000e-02 3.12500000000000000000000000000000000000000000000000000000000e-02 -1 2.68192900346125247259447248978648847011810062548993021075738e-05
P1 3.12500000000000000000000000000000000000000000000000000000000e-02 3.12500000000000000000000000000000000000000000000000000000000e-02 3.12500000000000000000000000000000000000000000000000000000000e-02 1 3.42381889013829051961357187101254812140718855822854537362016e-08
P1 3.12500000000000000000000000000000000000000000000000000000000e-02 3.12500000000000000000000000000000000000000000000000000000000e-02 3.12500000000000000000000000000000000000000000000000000000000e-02 3 4.55222010024821915326954026490974065602063874646310293838531e-11
P1 3.12500000000000000000000000000000000000000000000000000000000e-02 3.12500000000000000000000000000000000000000000000000000000000e-02 3.12500000000000000000000000000000000000000000000000000000000e-02 5 6.32944370171745434249513221337535172838610305597990601686153e-14
P1 3.12500000000000000000000000000000000000000000000000000000000e-02 3.12500000000000000000000000000000000000000000000000000000000e-02 3.12500000000000000000000000000000000000000000000000000000000e-02 7 9.22891708506642913454456990801953450668380760005815521046614e-17
P1 3.12500000000000000000000000000000000000000000000000000000000e-02 3.12500000000000000000000000000000000000000000000000000000000e-02 3.12500000000000000000000000000000000000000000000000000000000e-02 9 1.41276353814933800124332945361342176798605925775187288559818e-19
P1 3.12500000000000000000000000000000000000000000000000000000000e-02 3.12500000000000000000000000000000000000000000000000000000000e-02 3.12500000000000000000000000000000000000000000000000000000000e-02 11 2.26921159213898223824257232768929193018865926502227318122177e-22
P2 3.12500000000000000000000000000000000000000000000000000000000e-02 3.12500000000000000000000000000000000000000000000000000000000e-02 3.12500000000000000000000000000000000000000000000000000000000e-02 -1 1.46818641201464873532165111502611472332870786193233008965904e-05
P2 3.12500000000000000000000000000000000000000000000000000000000e-02 3.12500000000000000000000000000000000000000000000000000000000e-02 3.12500000000000000000000000000000000000000000000000000000000e-02 1 6.20073248552789280024821427491313040299940578745476144682334e-08
P2 3.12500000000000000000000000000000000000000000000000000000000e-02 3.12500000000000000000000000000000000000000000000000000000000e-02 3.12500000000000000000000000000000000000000000000000000000000e-02 3 2.62936100358761941029282389411553129272114053380476648611076e-10
P2 3.12500000000000000000000000000000000000000000000000000000000e-02 3.12500000000000000000000000000000000000000000000000000000000e-02 3.12500000000000000000000000000000000000000000000000000000000e-02 5 1.11970267803325142836564416181521216196756497745414551644070e-12
P2 3.12500000000000000000000000000000000000000000000000000000000e-02 3.12500000000000000000000000000000000000000000000000000000000e-02 3.12500000000000000000000000000000000000000000000000000000000e-02 7 4.78962632246960632852219681163255162578894840179595745579173e-15
P2 3.12500000000000000000000000000000000000000000000000000000000e-02 3.12500000000000000000000000000000000000000000000000000000000e-02 3.12500000000000000000000000000000000000000000000000000000000e-02 9 2.05848853760634522961094854062425770538203623123385709950302e-17
P2 3.12500000000000000000000000000000000000000000000000000000000e-02 3.12500000000000000000000000000000000000000000000000000000000e-02 3.12500000000000000000000000000000000000000000000000000000000e-02 11 8.89086390180709976969221450005316794830648835940512703995294e-20
P1s 3.12500000000000000000000000000000000000000000000000000000000e-02 3.12500000000000000000000000000000000000000000000000000000000e-02 3.12500000000000000000000000000000000000000000000000000000000e-02 -1 2.09948641156620234226805516110973524241697007422354861187427e-05
P1s 3.12500000000000000000000000000000000000000000000000000000000e-02 3.12500000000000000000000000000000000000000000000000000000000e-02 3.12500000000000000000000000000000000000000000000000000000000e-02 1 4.47778651916466657456709167725730662514795136186040833501644e-08
P1s 3.12500000000000000000000000000000000000000000000000000000000e-02 3.12500000000000000000000000000000000000000000000000000000000e-02 3.12500000000000000000000000000000000000000000000000000000000e-02 3 1.08912692925633774074132742972055972881873677923465800950585e-10
P1s 3.12500000000000000000000000000000000000000000000000000000000e-02 3.12500000000000000000000000000000000000000000000000000000000e-02 3.12500000000000000000000000000000000000000000000000000000000e-02 5 2.99366019848587492652636202853008816777868819018174567268585e-13
P1s 3.12500000000000000000000000000000000000000000000000000000000e-02 3.12500000000000000000000000000000000000000000000000000000000e-02 3.12500000000000000000000000000000000000000000000000000000000e-02 7 9.14154101146421404492083509884014472232241905466262554044428e-16
P1s 3.12500000000000000000000000000000000000000000000000000000000e-02 3.12500000000000000000000000000000000000000000000000000000000e-02 3.12500000000000000000000000000000000000000000000000000000000e-02 9 3.04120001633545361718076323007087097707670386835083509671085e-18
P1s 3.12500000000000000000000000000000000000000000000000000000000e-02 3.12500000000000000000000000000000000000000000000000000000000e-02 3.12500000000000000000000000000000000000000000000000000000000e-02 11 1.08265269719090163919004737630310604556364183913451552632774e-20
P1s-b 3.12500000000000000000000000000000000000000000000000000000000e-02 3.12500000000000000000000000000000000000000000000000000000000e-02 3.12500000000000000000000000000000000000000000000000000000000e-02 -1 1.75694343093401010975854908808735077238365016815557710670455e-05
P1s-b 3.12500000000000000000000000000000000000000000000000000000000e-02 3.12500000000000000000000000000000000000000000000000000000000e-02 3.12500000000000000000000000000000000000000000000000000000000e-02 1 5.35475514662572926329850928110692207795238262212872052627573e-08
P1s-b 3.12500000000000000000000000000000000000000000000000000000000e-02 3.12500000000000000000000000000000000000000000000000000000000e-02 3.12500000000000000000000000000000000000000000000000000000000e-02 3 1.85443132508936792164883376358512671598474442595814310652973e-10
P1s-b 3.12500000000000000000000000000000000000000000000000000000000e-02 3.12500000000000000000000000000000000000000000000000000000000e-02 3.12500000000000000000000000000000000000000000000000000000000e-02 5 7.17531713881797579592562872580187569463925535904337764292904e-13
P1s-b 3.12500000000000000000000000000000000000000000000000000000000e-02 3.12500000000000000000000000000000000000000000000000000000000e-02 3.12500000000000000000000000000000000000000000000000000000000e-02 7 3.04957664863938484311456267052082638128024108511278976794557e-15
P1s-b 3.12500000000000000000000000000000000000000000000000000000000e-02 3.12500000000000000000000000000000000000000000000000000000000e-02 3.12500000000000000000000000000000000000000000000000000000000e-02 9 1.40245551223386063995818285855946229965589607452748373923807e-17
P1s-b 3.12500000000000000000000000000000000000000000000000000000000e-02 3.12500000000000000000000000000000000000000000000000000000000e-02 3.12500000000000000000000000000000000000000000000000000000000e-02 11 6.89296564929872370635186852646234472748207798739195423007073e-20
P2s 3.12500000000000000000000000000000000000000000000000000000000e-02 3.12500000000000000000000000000000000000000000000000000000000e-02 3.12500000000000000000000000000000000000000000000000000000000e-02 -1 1.33370275859353577114549217738045856507035737326715655086473e-05
P2s 3.12500000000000000000000000000000000000000000000000000000000e-02 3.12500000000000000000000000000000000000000000000000000000000e-02 3.12500000000000000000000000000000000000000000000000000000000e-02 1 6.86094880207569580915028810837950052835548060972592305227984e-08
P2s 3.12500000000000000000000000000000000000000000000000000000000e-02 3.12500000000000000000000000000000000000000000000000000000000e-02 3.12500000000000000000000000000000000000000000000000000000000e-02 3 3.61927494619972451626572041973851136971967774311908281471212e-10
P2s 3.12500000000000000000000000000000000000000000000000000000000e-02 3.12500000000000000000000000000000000000000000000000000000000e-02 3.12500000000000000000000000000000000000000000000000000000000e-02 5 1.96037393126054468053880641295538529338853466614972056306479e-12
P2s 3.12500000000000000000000000000000000000000000000000000000000e-02 3.12500000000000000000000000000000000000000000000000000000000e-02 3.12500000000000000000000000000000000000000000000000000000000e-02 7 1.09115153131694108214620417397924614277185564055258285101155e-14
P2s 3.12500000000000000000000000000000000000000000000000000000000e-02 3.12500000000000000000000000000000000000000000000000000000000e-02 3.12500000000000000000000000000000000000000000000000000000000e-02 9 6.24238076581110076374568128970264135512016434643898870778617e-17
P2s 3.12500000000000000000000000000000000000000000000000000000000e-02 3.12500000000000000000000000000000000000000000000000000000000e-02 3.12500000000000000000000000000000000000000000000000000000000e-02 11 3.66905683711275406920619944303364044586037788505551439509241e-19
P2s-b 3.12500000000000000000000000000000000000000000000000000000000e-02 3.12500000000000000000000000000000000000000000000000000000000e-02 3.12500000000000000000000000000000000000000000000000000000000e-02 -1 1.22826607772078466757630950978594508676677864251321723012627e-05
P2s-b 3.12500000000000000000000000000000000000000000000000000000000e-02 3.12500000000000000000000000000000000000000000000000000000000e-02 3.12500000000000000000000000000000000000000000000000000000000e-02 1 7.46792103142703973835978447642825351154714145892175543757822e-08
P2s-b 3.12500000000000000000000000000000000000000000000000000000000e-02 3.12500000000000000000000000000000000000000000000000000000000e-02 3.12500000000000000000000000000000000000000000000000000000000e-02 3 4.69919342480723284763826411411861606710554796863899728729799e-10
P2s-b 3.12500000000000000000000000000000000000000000000000000000000e-02 3.12500000000000000000000000000000000000000000000000000000000e-02 3.12500000000000000000000000000000000000000000000000000000000e-02 5 3.06123739764400076895051224539446746358957760190069305901249e-12
P2s-b 3.12500000000000000000000000000000000000000000000000000000000e-02 3.12500000000000000000000000000000000000000000000000000000000e-02 3.12500000000000000000000000000000000000000000000000000000000e-02 7 2.06393985267316891974219176378425421929950336994501402015640e-14
P2s-b 3.12500000000000000000000000000000000000000000000000000000000e-02 3.12500000000000000000000000000000000000000000000000000000000e-02 3.12500000000000000000000000000000000000000000000000000000000e-02 9 1.43901471920698955083610760899733373927321286746465221819755e-16
P2s-b 3.12500000000000000000000000000000000000000000000000000000000e-02 3.12500000000000000000000000000000000000000000000000000000000e-02 3.12500000000000000000000000000000000000000000000000000000000e-02 11 1.03621812983963243803015321723580818055540920930109204063886e-18
Xg 3.12500000000000000000000000000000000000000000000000000000000e-02 3.12500000000000000000000000000000000000000000000000000000000e-02 3.12500000000000000000000000000000000000000000000000000000000e-02 -1 1.89748709712674293748292199614279763541420377538234727733627e-05
Xg 3.12500000000000000000000000000000000000000000000000000000000e-02 3.12500000000000000000000000000000000000000000000000000000000e-02 3.12500000000000000000000000000000000000000000000000000000000e-02 1 4.94470115473144323197455061748733135757023225546062391289601e-08
Xg 3.12500000000000000000000000000000000000000000000000000000000e-02 3.12500000000000000000000000000000000000000000000000000000000e-02 3.12500000000000000000000000000000000000000000000000000000000e-02 3 1.44545451201877137656549417261504842174486634614203202839555e-10
Xg 3.12500000000000000000000000000000000000000000000000000000000e-02 3.12500000000000000000000000000000000000000000000000000000000e-02 3.12500000000000000000000000000000000000000000000000000000000e-02 5 4.63853646040283042763054224179775253860627842280930964719755e-13
Xg 3.12500000000000000000000000000000000000000000000000000000000e-02 3.12500000000000000000000000000000000000000000000000000000000e-02 3.12500000000000000000000000000000000000000000000000000000000e-02 7 1.59996233000457714853880435693340454310793383754825975463714e-15
Xg 3.12500000000000000000000000000000000000000000000000000000000e-02 3.12500000000000000000000000000000000000000000000000000000000e-02 3.12500000000000000000000000000000000000000000000000000000000e-02 9 5.83118004921792197628399954386156934823913583440328166444646e-18
Xg 3.12500000000000000000000000000000000000000000000000000000000e-02 3.12500000000000000000000000000000000000000000000000000000000e-02 3.12500000000000000000000000000000000000000000000000000000000e-02 11 2.21733693253484604283346724756062910082999838498825062700429e-20
Xg-b 3.12500000000000000000000000000000000000000000000000000000000e-02 3.12500000000000000000000000000000000000000000000000000000000e-02 3.12500000000000000000000000000000000000000000000000000000000e-02 -1 1.62815826287729109567487019003855946170903427569422869234272e-05
Xg-b 3.12500000000000000000000000000000000000000000000000000000000e-02 3.12500000000000000000000000000000000000000000000000000000000e-02 3.12500000000000000000000000000000000000000000000000000000000e-02 1 5.75546617484034672870497834467471201100067338469702893175741e-08
Xg-b 3.12500000000000000000000000000000000000000000000000000000000e-02 3.12500000000000000000000000000000000000000000000000000000000e-02 3.12500000000000000000000000000000000000000000000000000000000e-02 3 2.27062603994761387890908288269397306301458078219309328822214e-10
Xg-b 3.12500000000000000000000000000000000000000000000000000000000e-02 3.12500000000000000000000000000000000000000000000000000000000e-02 3.12500000000000000000000000000000000000000000000000000000000e-02 5 9.81425180503857292356709058486457210790738579871128655472484e-13
Xg-b 3.12500000000000000000000000000000000000000000000000000000000e-02 3.12500000000000000000000000000000000000000000000000000000000e-02 3.12500000000000000000000000000000000000000000000000000000000e-02 7 4.57521653197562539967784370363779470263205332309419930622086e-15
Xg-b 3.12500000000000000000000000000000000000000000000000000000000e-02 3.12500000000000000000000000000000000000000000000000000000000e-02 3.12500000000000000000000000000000000000000000000000000000000e-02 9 2.27207237110667970151894721405694298518089778216921346702228e-17
Xg-b 3.12500000000000000000000000000000000000000000000000000000000e-02 3.12500000000000000000000000000000000000000000000000000000000e-02 3.12500000000000000000000000000000000000000000000000000000000e-02 11 1.19039231326153107998846086844796903773476280517528615162144e-19
Xg-c 3.12500000000000000000000000000000000000000000000000000000000e-02 3.12500000000000000000000000000000000000000000000000000000000e-02 3.12500000000000000000000000000000000000000000000000000000000e-02 -1 1.42587691000352735103984024484239312806683594796476668160139e-05
Xg-c 3.12500000000000000000000000000000000000000000000000000000000e-02 3.12500000000000000000000000000000000000000000000000000000000e-02 3.12500000000000000000000000000000000000000000000000000000000e-02 1 6.49593926001610314734632221018427735495574756469822050286051e-08
Xg-c 3.12500000000000000000000000000000000000000000000000000000000e-02 3.12500000000000000000000000000000000000000000000000000000000e-02 3.12500000000000000000000000000000000000000000000000000000000e-02 3 3.16977114055760873757226212091731864399709857576233114067679e-10
Xg-c 3.12500000000000000000000000000000000000000000000000000000000e-02 3.12500000000000000000000000000000000000000000000000000000000e-02 3.12500000000000000000000000000000000000000000000000000000000e-02 5 1.64195982105557225946809806741802275641440902221110581734602e-12
Xg-c 3.12500000000000000000000000000000000000000000000000000000000e-02 3.12500000000000000000000000000000000000000000000000000000000e-02 3.12500000000000000000000000000000000000000000000000000000000e-02 7 8.95177045770031567154049210166195106438480134924437803353485e-15
Xg-c 3.12500000000000000000000000000000000000000000000000000000000e-02 3.12500000000000000000000000000000000000000000000000000000000e-02 3.12500000000000000000000000000000000000000000000000000000000e-02 9 5.09757218621555966589399082029093876574201469531229329210589e-17
Xg-c 3.12500000000000000000000000000000000000000000000000000000000e-02 3.12500000000000000000000000000000000000000000000000000000000e-02 3.12500000000000000000000000000000000000000000000000000000000e-02 11 3.01250109348709823487572920690278987127861462469610440913596e-19
Xg-d 3.12500000000000000000000000000000000000000000000000000000000e-02 3.12500000000000000000000000000000000000000000000000000000000e-02 3.12500000000000000000000000000000000000000000000000000000000e-02 -1 1.29705971223080724029695106300640811331830335409784178377927e-05
Xg-d 3.12500000000000000000000000000000000000000000000000000000000e-02 3.12500000000000000000000000000000000000000000000000000000000e-02 3.12500000000000000000000000000000000000000000000000000000000e-02 1 7.13782887872508958141993415681528373158638875188349338505055e-08
Xg-d 3.12500000000000000000000000000000000000000000000000000000000e-02 3.12500000000000000000000000000000000000000000000000000000000e-02 3.12500000000000000000000000000000000000000000000000000000000e-02 3 4.20064478707930803661786945043639858655040306907718607503048e-10
Xg-d 3.12500000000000000000000000000000000000000000000000000000000e-02 3.12500000000000000000000000000000000000000000000000000000000e-02 3.12500000000000000000000000000000000000000000000000000000000e-02 5 2.62297269321226674177749798453359669630647291839622849833697e-12
Xg-d 3.12500000000000000000000000000000000000000000000000000000000e-02 3.12500000000000000000000000000000000000000000000000000000000e-02 3.12500000000000000000000000000000000000000000000000000000000e-02 7 1.72545583519225417333453937982192289244873744999836929792092e-14
Xg-d 3.12500000000000000000000000000000000000000000000000000000000e-02 3.12500000000000000000000000000000000000000000000000000000000e-02 3.12500000000000000000000000000000000000000000000000000000000e-02 9 1.18839825884084209424666392061903081777559202768110524347941e-16
Xg-d 3.12500000000000000000000000000000000000000000000000000000000e-02 3.12500000000000000000000000000000000000000000000000000000000e-02 3.12500000000000000000000000000000000000000000000000000000000e-02 11 8.52478315693116523195307150692852354990731645682246243246219e-19
S 3.12500000000000000000000000000000000000000000000000000000000e-02 3.12500000000000000000000000000000000000000000000000000000000e-02 1.95312500000000000000000000000000000000000000000000000000000e-03 -1 9.07351561965142426308650411266959166876143029544253808220700e-05
S 3.12500000000000000000000000000000000000000000000000000000000e-02 3.12500000000000000000000000000000000000000000000000000000000e-02 1.95312500000000000000000000000000000000000000000000000000000e-03 1 1.55390928138709270456726061286700956497797837191524607478443e-08
S 3.12500000000000000000000000000000000000000000000000000000000e-02 3.12500000000000000000000000000000000000000000000000000000000e-02 1.95312500000000000000000000000000000000000000000000000000000e-03 3 7.00577371306842394787284680533263125873688962849700513953060e-12
S 3.12500000000000000000000000000000000000000000000000000000000e-02 3.12500000000000000000000000000000000000000000000000000000000e-02 1.95312500000000000000000000000000000000000000000000000000000e-03 5 4.48034981867094130793432941695340844604093182570644502735453e-15
S 3.12500000000000000000000000000000000000000000000000000000000e-02 3.12500000000000000000000000000000000000000000000000000000000e-02 1.95312500000000000000000000000000000000000000000000000000000e-03 7 3.49434299159681718189443018082581117918958545398921454220546e-18
S 3.12500000000000000000000000000000000000000000000000000000000e-02 3.12500000000000000000000000000000000000000000000000000000000e-02 1.95312500000000000000000000000000000000000000000000000000000e-03 9 3.12569983457885572817640304611894882716389543486886482889006e-21
S 3.12500000000000000000000000000000000000000000000000000000000e-02 3.12500000000000000000000000000000000000000000000000000000000e-02 1.95312500000000000000000000000000000000000000000000000000000e-03 11 3.10498359843083141064317389284765497339159767077830282091931e-24
Ef 3.12500000000000000000000000000000000000000000000000000000000e-02 3.12500000000000000000000000000000000000000000000000000000000e-02 1.95312500000000000000000000000000000000000000000000000000000e-03 -1 3.39394741775209435557285772314041760538045430082230054946209e-05
Ef 3.12500000000000000000000000000000000000000000000000000000000e-02 3.12500000000000000000000000000000000000000000000000000000000e-02 1.95312500000000000000000000000000000000000000000000000000000e-03 1 3.24290469247476466302090895140832293508560454445912934403769e-08
Ef 3.12500000000000000000000000000000000000000000000000000000000e-02 3.12500000000000000000000000000000000000000000000000000000000e-02 1.95312500000000000000000000000000000000000000000000000000000e-03 3 5.17098191435593373155857508707806130543691220218995019877006e-11
Ef 3.12500000000000000000000000000000000000000000000000000000000e-02 3.12500000000000000000000000000000000000000000000000000000000e-02 1.95312500000000000000000000000000000000000000000000000000000e-03 5 1.06926166490491419078321171576754112146163128213532584664053e-13
Ef 3.12500000000000000000000000000000000000000000000000000000000e-02 3.12500000000000000000000000000000000000000000000000000000000e-02 1.95312500000000000000000000000000000000000000000000000000000e-03 7 2.59671781765036284353862342669483576572100544812935413315978e-16
Ef 3.12500000000000000000000000000000000000000000000000000000000e-02 3.12500000000000000000000000000000000000000000000000000000000e-02 1.95312500000000000000000000000000000000000000000000000000000e-03 9 7.01964456904237759584564438066394422086672067015635310179299e-19
Ef 3.12500000000000000000000000000000000000000000000000000000000e-02 3.12500000000000000000000000000000000000000000000000000000000e-02 1.95312500000000000000000000000000000000000000000000000000000e-03 11 2.04572283850169551341412483967878472478385287987297146131785e-21
Ec 3.12500000000000000000000000000000000000000000000000000000000e-02 3.12500000000000000000000000000000000000000000000000000000000e-02 1.95312500000000000000000000000000000000000000000000000000000e-03 -1 4.07795715086930327296850931599708903112152283754171944603936e-06
Ec 3.12500000000000000000000000000000000000000000000000000000000e-02 3.12500000000000000000000000000000000000000000000000000000000e-02 1.95312500000000000000000000000000000000000000000000000000000e-03 1 1.21658372425078056005716380326343098062771513729576815082412e-09
Ec 3.12500000000000000000000000000000000000000000000000000000000e-02 3.12500000000000000000000000000000000000000000000000000000000e-02 1.95312500000000000000000000000000000000000000000000000000000e-03 3 7.68576475195020999293555685296643613442281186366568642633800e-13
Ec 3.12500000000000000000000000000000000000000000000000000000000e-02 3.12500000000000000000000000000000000000000000000000000000000e-02 1.95312500000000000000000000000000000000000000000000000000000e-03 5 6.32491691964116209719508531986238862330016393031898187610938e-16
Ec 3.12500000000000000000000000000000000000000000000000000000000e-02 3.12500000000000000000000000000000000000000000000000000000000e-02 1.95312500000000000000000000000000000000000000000000000000000e-03 7 6.03404000877619070588085030785175660464877654609433568396184e-19
Ec 3.12500000000000000000000000000000000000000000000000000000000e-02 3.12500000000000000000000000000000000000000000000000000000000e-02 1.95312500000000000000000000000000000000000000000000000000000e-03 9 6.38358863812019618754337153927020372614545050712857822102370e-22
Ec 3.12500000000000000000000000000000000000000000000000000000000e-02 3.12500000000000000000000000000000000000000000000000000000000e-02 1.95312500000000000000000000000000000000000000000000000000000e-03 11 7.32192532472895016313632542870031462755204404240765804610965e-25
Vc 3.12500000000000000000000000000000000000000000000000000000000e-02 3.12500000000000000000000000000000000000000000000000000000000e-02 1.95312500000000000000000000000000000000000000000000000000000e-03 -1 2.28562078414723555194078866638875645800052169379793698328284e-05
Vc 3.12500000000000000000000000000000000000000000000000000000000e-02 3.12500000000000000000000000000000000000000000000000000000000e-02 1.95312500000000000000000000000000000000000000000000000000000e-03 1 4.39155558476011960592900638725242108467463951448846383541562e-08
Vc 3.12500000000000000000000000000000000000000000000000000000000e-02 3.12500000000000000000000000000000000000000000000000000000000e-02 1.95312500000000000000000000000000000000000000000000000000000e-03 3 1.13759346818002467752886749223750342912105334439608155350047e-10
Vc 3.12500000000000000000000000000000000000000000000000000000000e-02 3.12500000000000000000000000000000000000000000000000000000000e-02 1.95312500000000000000000000000000000000000000000000000000000e-03 5 3.55152093990226707951017492799574648354872085437653349145920e-13
Vc 3.12500000000000000000000000000000000000000000000000000000000e-02 3.12500000000000000000000000000000000000000000000000000000000e-02 1.95312500000000000000000000000000000000000000000000000000000e-03 7 1.26626570517590101124032913706302235942167707736261780443503e-15
Vc 3.12500000000000000000000000000000000000000000000000000000000e-02 3.12500000000000000000000000000000000000000000000000000000000e-02 1.95312500000000000000000000000000000000000000000000000000000e-03 9 4.99437864757444215640796815927269940503114982114529568437935e-18
Vc 3.12500000000000000000000000000000000000000000000000000000000e-02 3.12500000000000000000000000000000000000000000000000000000000e-02 1.95312500000000000000000000000000000000000000000000000000000e-03 11 2.13414749777435490577499876769575724374828707615991354835144e-20
Vp 3.12500000000000000000000000000000000000000000000000000000000e-02 3.12500000000000000000000000000000000000000000000000000000000e-02 1.95312500000000000000000000000000000000000000000000000000000e-03 -1 1.90620974321297905689210247741814997535666289120662102727128e-06
Vp 3.12500000000000000000000000000000000000000000000000000000000e-02 3.12500000000000000000000000000000000000000000000000000000000e-02 1.95312500000000000000000000000000000000000000000000000000000e-03 1 2.17173621510002620120770490050469613334563738510792531275615e-09
Vp 3.12500000000000000000000000000000000000000000000000000000000e-02 3.12500000000000000000000000000000000000000000000000000000000e-02 1.95312500000000000000000000000000000000000000000000000000000e-03 3 3.78215415185961780370025552269759216672517318856288231273437e-12
Vp 3.12500000000000000000000000000000000000000000000000000000000e-02 3.12500000000000000000000000000000000000000000000000000000000e-02 1.95312500000000000000000000000000000000000000000000000000000e-03 5 8.31140953781147712355496368899821482082718946001215661849381e-15
Vp 3.12500000000000000000000000000000000000000000000000000000000e-02 3.12500000000000000000000000000000000000000000000000000000000e-02 1.95312500000000000000000000000000000000000000000000000000000e-03 7 2.12719628326832641240348007787954537748022661627227379974227e-17
Vp 3.12500000000000000000000000000000000000000000000000000000000e-02 3.12500000000000000000000000000000000000000000000000000000000e-02 1.95312500000000000000000000000000000000000000000000000000000e-03 9 6.05223773528989113305200940454779168027690862131755815477935e-20
Vp 3.12500000000000000000000000000000000000000000000000000000000e-02 3.12500000000000000000000000000000000000000000000000000000000e-02 1.95312500000000000000000000000000000000000000000000000000000e-03 11 1.85857377715766818630453072341850253000412278908920156461212e-22
P1 3.12500000000000000000000000000000000000000000000000000000000e-02 3.12500000000000000000000000000000000000000000000000000000000e-02 1.95312500000000000000000000000000000000000000000000000000000e-03 -1 8.04291030095761852505045510745318827460221779637815628295410e-05
P1 3.12500000000000000000000000000000000000000000000000000000000e-02 3.12500000000000000000000000000000000000000000000000000000000e-02 1.95312500000000000000000000000000000000000000000000000000000e-03 1 1.56986298855795958803627810331012811309852881225188318898136e-08
P1 3.12500000000000000000000000000000000000000000000000000000000e-02 3.12500000000000000000000000000000000000000000000000000000000e-02 1.95312500000000000000000000000000000000000000000000000000000e-03 3 7.09515278385776608488284059178248014488682682986505414714973e-12
P1 3.12500000000000000000000000000000000000000000000000000000000e-02 3.12500000000000000000000000000000000000000000000000000000000e-02 1.95312500000000000000000000000000000000000000000000000000000e-03 5 4.54758755226399593553474667358485713956029246397151760953160e-15
P1 3.12500000000000000000000000000000000000000000000000000000000e-02 3.12500000000000000000000000000000000000000000000000000000000e-02 1.95312500000000000000000000000000000000000000000000000000000e-03 7 3.55461002720692874519162932754362398210854936426404208870437e-18
P1 3.12500000000000000000000000000000000000000000000000000000000e-02 3.12500000000000000000000000000000000000000000000000000000000e-02 1.95312500000000000000000000000000000000000000000000000000000e-03 9 3.18620019944629236032063073784211294670538109791431530619089e-21
P1 3.12500000000000000000000000000000000000000000000000000000000e-02 3.12500000000000000000000000000000000000000000000000000000000e-02 1.95312500000000000000000000000000000000000000000000000000000e-03 11 3.17119625607429695260739089911444104365905236861834158616758e-24
P2 3.12500000000000000000000000000000000000000000000000000000000e-02 3.12500000000000000000000000000000000000000000000000000000000e-02 1.95312500000000000000000000000000000000000000000000000000000e-03 -1 7.21968934270887006007643594631469038864556252312324773126808e-05
P2 3.12500000000000000000000000000000000000000000000000000000000e-02 3.12500000000000000000000000000000000000000000000000000000000e-02 1.95312500000000000000000000000000000000000000000000000000000e-03 1 1.61319104317944524217602462845135009061125866580828748239303e-08
P2 3.12500000000000000000000000000000000000000000000000000000000e-02 3.12500000000000000000000000000000000000000000000000000000000e-02 1.95312500000000000000000000000000000000000000000000000000000e-03 3 7.36842187128672090791561361423345960163547732388541100153150e-12
P2 3.12500000000000000000000000000000000000000000000000000000000e-02 3.12500000000000000000000000000000000000000000000000000000000e-02 1.95312500000000000000000000000000000000000000000000000000000e-03 5 4.75447294067811503276588603084990090186991081266830597690082e-15
P2 3.12500000000000000000000000000000000000000000000000000000000e-02 3.12500000000000000000000000000000000000000000000000000000000e-02 1.95312500000000000000000000000000000000000000000000000000000e-03 7 3.74087778942853424525335617687841961134538560478983242603116e-18
P2 3.12500000000000000000000000000000000000000000000000000000000e-02 3.12500000000000000000000000000000000000000000000000000000000e-02 1.95312500000000000000000000000000000000000000000000000000000e-03 9 3.37401766021679317548721070962911040286493795627205174283416e-21
P2 3.12500000000000000000000000000000000000000000000000000000000e-02 3.12500000000000000000000000000000000000000000000000000000000e-02 1.95312500000000000000000000000000000000000000000000000000000e-03 11 3.37760421518207326078713372000886370001285435254931321414467e-24
P1s 3.12500000000000000000000000000000000000000000000000000000000e-02 3.12500000000000000000000000000000000000000000000000000000000e-02 1.95312500000000000000000000000000000000000000000000000000000e-03 -1 3.36237453099939595937243221268269702174884963813994396484670e-05
P1s 3.12500000000000000000000000000000000000000000000000000000000e-02 3.12500000000000000000000000000000000000000000000000000000000e-02 1.95312500000000000000000000000000000000000000000000000000000e-03 1 3.24934527466254114767778718765058669599265319647807732021282e-08
P1s 3.12500000000000000000000000000000000000000000000000000000000e-02 3.12500000000000000000000000000000000000000000000000000000000e-02 1.95312500000000000000000000000000000000000000000000000000000e-03 3 5.18955641832875691434875342857964619269811147095751213824919e-11
P1s 3.12500000000000000000000000000000000000000000000000000000000e-02 3.12500000000000000000000000000000000000000000000000000000000e-02 1.95312500000000000000000000000000000000000000000000000000000e-03 5 1.07420195163229571863236723071882908152194185274896464904436e-13
P1s 3.12500000000000000000000000000000000000000000000000000000000e-02 3.12500000000000000000000000000000000000000000000000000000000e-02 1.95312500000000000000000000000000000000000000000000000000000e-03 7 2.61102696133607476295149648234618706201302061331721533207958e-16
P1s 3.12500000000000000000000000000000000000000000000000000000000e-02 3.12500000000000000000000000000000000000000000000000000000000e-02 1.95312500000000000000000000000000000000000000000000000000000e-03 9 7.06434290666499507826152541659237587155277898259477773914696e-19
P1s 3.12500000000000000000000000000000000000000000000000000000000e-02 3.12500000000000000000000000000000000000000000000000000000000e-02 1.95312500000000000000000000000000000000000000000000000000000e-03 11 2.06049748639619548283377526428904214849520604722287532199676e-21
P1s-b 3.12500000000000000000000000000000000000000000000000000000000e-02 3.12500000000000000000000000000000000000000000000000000000000e-02 1.95312500000000000000000000000000000000000000000000000000000e-03 -1 2.28113603744929587320094898493420619995445608341948636166638e-05
P1s-b 3.12500000000000000000000000000000000000000000000000000000000e-02 3.12500000000000000000000000000000000000000000000000000000000e-02 1.95312500000000000000000000000000000000000000000000000000000e-03 1 4.39591073790022884537900282205211252936917616410507211974884e-08
P1s-b 3.12500000000000000000000000000000000000000000000000000000000e-02 3.12500000000000000000000000000000000000000000000000000000000e-02 1.95312500000000000000000000000000000000000000000000000000000e-03 3 1.14010758286872649775627961310993609974470355464020544041828e-10
P1s-b 3.12500000000000000000000000000000000000000000000000000000000e-02 3.12500000000000000000000000000000000000000000000000000000000e-02 1.95312500000000000000000000000000000000000000000000000000000e-03 5 3.56238186288596023848651132855806709026455002109543876101289e-13
P1s-b 3.12500000000000000000000000000000000000000000000000000000000e-02 3.12500000000000000000000000000000000000000000000000000000000e-02 1.95312500000000000000000000000000000000000000000000000000000e-03 7 1.27101474498293196902219823124222951704098952258737367267729e-15
P1s-b 3.12500000000000000000000000000000000000000000000000000000000e-02 3.12500000000000000000000000000000000000000000000000000000000e-02 1.95312500000000000000000000000000000000000000000000000000000e-03 9 5.01615627962026940771187030052940864079849093119261662192151e-18
P1s-b 3.12500000000000000000000000000000000000000000000000000000000e-02 3.12500000000000000000000000000000000000000000000000000000000e-02 1.95312500000000000000000000000000000000000000000000000000000e-03 11 2.14464895257981755195692737482976212075662493665606149438267e-20
P2s 3.12500000000000000000000000000000000000000000000000000000000e-02 3.12500000000000000000000000000000000000000000000000000000000e-02 1.95312500000000000000000000000000000000000000000000000000000e-03 -1 3.29876230667008996531842150613040814351604719624274195684111e-05
P2s 3.12500000000000000000000000000000000000000000000000000000000e-02 3.12500000000000000000000000000000000000000000000000000000000e-02 1.95312500000000000000000000000000000000000000000000000000000e-03 1 3.26839284062146874096061363902789989495624362652195884588786e-08
P2s 3.12500000000000000000000000000000000000000000000000000000000e-02 3.12500000000000000000000000000000000000000000000000000000000e-02 1.95312500000000000000000000000000000000000000000000000000000e-03 3 5.24549912999521829967050327612254198734678365393438595417345e-11
P2s 3.12500000000000000000000000000000000000000000000000000000000e-02 3.12500000000000000000000000000000000000000000000000000000000e-02 1.95312500000000000000000000000000000000000000000000000000000e-03 5 1.08912934038393515628831098668114554452448013267890723397896e-13
P2s 3.12500000000000000000000000000000000000000000000000000000000e-02 3.12500000000000000000000000000000000000000000000000000000000e-02 1.95312500000000000000000000000000000000000000000000000000000e-03 7 2.65435181041184288322540377851717670233024557542468858203905e-16
P2s 3.12500000000000000000000000000000000000000000000000000000000e-02 3.12500000000000000000000000000000000000000000000000000000000e-02 1.95312500000000000000000000000000000000000000000000000000000e-03 9 7.19991966625236958992607782134161445651163911436570942302094e-19
P2s 3.12500000000000000000000000000000000000000000000000000000000e-02 3.12500000000000000000000000000000000000000000000000000000000e-02 1.95312500000000000000000000000000000000000000000000000000000e-03 11 2.10538773694085570728274421072733616440125578795523698407588e-21
P2s-b 3.12500000000000000000000000000000000000000000000000000000000e-02 3.12500000000000000000000000000000000000000000000000000000000e-02 1.95312500000000000000000000000000000000000000000000000000000e-03 -1 2.26860664586618705938763125633086987352677867714758092095790e-05
P2s-b 3.12500000000000000000000000000000000000000000000000000000000e-02 3.12500000000000000000000000000000000000000000000000000000000e-02 1.95312500000000000000000000000000000000000000000000000000000e-03 1 4.40892718404129398019297291997387502426448457916286033768213e-08
P2s-b 3.12500000000000000000000000000000000000000000000000000000000e-02 3.12500000000000000000000000000000000000000000000000000000000e-02 1.95312500000000000000000000000000000000000000000000000000000e-03 3 1.14766484612257427814925219800355065287807308153108602623791e-10
P2s-b 3.12500000000000000000000000000000000000000000000000000000000e-02 3.12500000000000000000000000000000000000000000000000000000000e-02 1.95312500000000000000000000000000000000000000000000000000000e-03 5 3.59510865672326333458019490851782704056951498039904501247352e-13
P2s-b 3.12500000000000000000000000000000000000000000000000000000000e-02 3.12500000000000000000000000000000000000000000000000000000000e-02 1.95312500000000000000000000000000000000000000000000000000000e-03 7 1.28534909405815040664778010382202171876218277381346200058280e-15
P2s-b 3.12500000000000000000000000000000000000000000000000000000000e-02 3.12500000000000000000000000000000000000000000000000000000000e-02 1.95312500000000000000000000000000000000000000000000000000000e-03 9 5.08198005755531604277594897612269531314742772769910381073192e-18
P2s-b 3.12500000000000000000000000000000000000000000000000000000000e-02 3.12500000000000000000000000000000000000000000000000000000000e-02 1.95312500000000000000000000000000000000000000000000000000000e-03 11 2.17642866516637471479334706903708198371524325734584309925189e-20
Xg 3.12500000000000000000000000000000000000000000000000000000000e-02 3.12500000000000000000000000000000000000000000000000000000000e-02 1.95312500000000000000000000000000000000000000000000000000000e-03 -1 1.27072259940930308424853523583939807040598271864340652513217e-06
Xg 3.12500000000000000000000000000000000000000000000000000000000e-02 3.12500000000000000000000000000000000000000000000000000000000e-02 1.95312500000000000000000000000000000000000000000000000000000e-03 1 2.89732243431889849902347699956467692775578636321104859684742e-09
Xg 3.12500000000000000000000000000000000000000000000000000000000e-02 3.12500000000000000000000000000000000000000000000000000000000e-02 1.95312500000000000000000000000000000000000000000000000000000e-03 3 7.53903686349649702315537632536195464521367260917636140267300e-12
Xg 3.12500000000000000000000000000000000000000000000000000000000e-02 3.12500000000000000000000000000000000000000000000000000000000e-02 1.95312500000000000000000000000000000000000000000000000000000e-03 5 2.17975608092021114254244388085036109703715257195186857821061e-14
Xg 3.12500000000000000000000000000000000000000000000000000000000e-02 3.12500000000000000000000000000000000000000000000000000000000e-02 1.95312500000000000000000000000000000000000000000000000000000e-03 7 6.81241954853381113724630023298358726186643437502444451836230e-17
Xg 3.12500000000000000000000000000000000000000000000000000000000e-02 3.12500000000000000000000000000000000000000000000000000000000e-02 1.95312500000000000000000000000000000000000000000000000000000e-03 9 2.25162135366393632669146020677752487669866345003709241581565e-19
Xg 3.12500000000000000000000000000000000000000000000000000000000e-02 3.12500000000000000000000000000000000000000000000000000000000e-02 1.95312500000000000000000000000000000000000000000000000000000e-03 11 7.75072810783071915624202097553184459263867554128648858534128e-22
Xg-b 3.12500000000000000000000000000000000000000000000000000000000e-02 3.12500000000000000000000000000000000000000000000000000000000e-02 1.95312500000000000000000000000000000000000000000000000000000e-03 -1 1.07113870398988000534573328952798407825185639675657359678790e-06
Xg-b 3.12500000000000000000000000000000000000000000000000000000000e-02 3.12500000000000000000000000000000000000000000000000000000000e-02 1.95312500000000000000000000000000000000000000000000000000000e-03 1 3.43158382786299438868713828154622522133378457390187364141295e-09
Xg-b 3.12500000000000000000000000000000000000000000000000000000000e-02 3.12500000000000000000000000000000000000000000000000000000000e-02 1.95312500000000000000000000000000000000000000000000000000000e-03 3 1.24489736550956889226247942929111028745231032810972706737892e-11
Xg-b 3.12500000000000000000000000000000000000000000000000000000000e-02 3.12500000000000000000000000000000000000000000000000000000000e-02 1.95312500000000000000000000000000000000000000000000000000000e-03 5 4.99828353575235157756154274825520599405172462980639894412683e-14
Xg-b 3.12500000000000000000000000000000000000000000000000000000000e-02 3.12500000000000000000000000000000000000000000000000000000000e-02 1.95312500000000000000000000000000000000000000000000000000000e-03 7 2.17861848066388465045050566085969283963436588646641119662244e-16
Xg-b 3.12500000000000000000000000000000000000000000000000000000000e-02 3.12500000000000000000000000000000000000000000000000000000000e-02 1.95312500000000000000000000000000000000000000000000000000000e-03 9 1.01572965083878766174804700663972361452996618881644456693517e-18
Xg-b 3.12500000000000000000000000000000000000000000000000000000000e-02 3.12500000000000000000000000000000000000000000000000000000000e-02 1.95312500000000000000000000000000000000000000000000000000000e-03 11 5.00901094339823023176217404673774785339250127428515352154383e-21
Xg-c 3.12500000000000000000000000000000000000000000000000000000000e-02 3.12500000000000000000000000000000000000000000000000000000000e-02 1.95312500000000000000000000000000000000000000000000000000000e-03 -1 1.26827178946352086879549097157827333625461460985805735039703e-06
Xg-c 3.12500000000000000000000000000000000000000000000000000000000e-02 3.12500000000000000000000000000000000000000000000000000000000e-02 1.95312500000000000000000000000000000000000000000000000000000e-03 1 2.90216439726798912109981747489135976029651730963054632468285e-09
Xg-c 3.12500000000000000000000000000000000000000000000000000000000e-02 3.12500000000000000000000000000000000000000000000000000000000e-02 1.95312500000000000000000000000000000000000000000000000000000e-03 3 7.57222642034563681909692554631463065382085841030816830563945e-12
Xg-c 3.12500000000000000000000000000000000000000000000000000000000e-02 3.12500000000000000000000000000000000000000000000000000000000e-02 1.95312500000000000000000000000000000000000000000000000000000e-03 5 2.19417257069434368696035614030043090556963495485381925693063e-14
Xg-c 3.12500000000000000000000000000000000000000000000000000000000e-02 3.12500000000000000000000000000000000000000000000000000000000e-02 1.95312500000000000000000000000000000000000000000000000000000e-03 7 6.87084972858614031476906140369149017990323492949485519598107e-17
Xg-c 3.12500000000000000000000000000000000000000000000000000000000e-02 3.12500000000000000000000000000000000000000000000000000000000e-02 1.95312500000000000000000000000000000000000000000000000000000e-03 9 2.27512684343096832194888391479159569306911363150673055666745e-19
Xg-c 3.12500000000000000000000000000000000000000000000000000000000e-02 3.12500000000000000000000000000000000000000000000000000000000e-02 1.95312500000000000000000000000000000000000000000000000000000e-03 11 7.84578452177713948205152021917982310215908152023588993656723e-22
Xg-d 3.12500000000000000000000000000000000000000000000000000000000e-02 3.12500000000000000000000000000000000000000000000000000000000e-02 1.95312500000000000000000000000000000000000000000000000000000e-03 -1 1.06966674489561641074281218957330405319050506329500689925507e-06
Xg-d 3.12500000000000000000000000000000000000000000000000000000000e-02 3.12500000000000000000000000000000000000000000000000000000000e-02 1.95312500000000000000000000000000000000000000000000000000000e-03 1 3.43566661991469925047678491718373930253877796732905506435994e-09
Xg-d 3.12500000000000000000000000000000000000000000000000000000000e-02 3.12500000000000000000000000000000000000000000000000000000000e-02 1.95312500000000000000000000000000000000000000000000000000000e-03 3 1.24882722766279090816079106021152865652171139506348028810305e-11
Xg-d 3.12500000000000000000000000000000000000000000000000000000000e-02 3.12500000000000000000000000000000000000000000000000000000000e-02 1.95312500000000000000000000000000000000000000000000000000000e-03 5 5.02207178527017672234602312993515272966469572786615499089614e-14
Xg-d 3.12500000000000000000000000000000000000000000000000000000000e-02 3.12500000000000000000000000000000000000000000000000000000000e-02 1.95312500000000000000000000000000000000000000000000000000000e-03 7 2.19200237432022826599395118295608017994756731001293474472312e-16
Xg-d 3.12500000000000000000000000000000000000000000000000000000000e-02 3.12500000000000000000000000000000000000000000000000000000000e-02 1.95312500000000000000000000000000000000000000000000000000000e-03 9 1.02323612885435908839922063747075243380550500022942118704580e-18
Xg-d 3.12500000000000000000000000000000000000000000000000000000000e-02 3.12500000000000000000000000000000000000000000000000000000000e-02 1.95312500000000000000000000000000000000000000000000000000000e-03 11 5.05181622781903275132426053482630018837690278505280636607959e-21
S 3.12500000000000000000000000000000000000000000000000000000000e-02 1.95312500000000000000000000000000000000000000000000000000000e-03 3.12500000000000000000000000000000000000000000000000000000000e-02 -1 9.50433375235411637562397240641666921224425676745666733301025e-07
S 3.12500000000000000000000000000000000000000000000000000000000e-02 1.95312500000000000000000000000000000000000000000000000000000e-03 3.12500000000000000000000000000000000000000000000000000000000e-02 1 3.90759755614205294387499027834307512754143858057702502623001e-11
S 3.12500000000000000000000000000000000000000000000000000000000e-02 1.95312500000000000000000000000000000000000000000000000000000e-03 3.12500000000000000000000000000000000000000000000000000000000e-02 3 1.14060039802313608756918685931992593158782432300436893138424e-14
S 3.12500000000000000000000000000000000000000000000000000000000e-02 1.95312500000000000000000000000000000000000000000000000000000e-03 3.12500000000000000000000000000000000000000000000000000000000e-02 5 5.30491747246876600974199142817855374063042975681227908283435e-18
S 3.12500000000000000000000000000000000000000000000000000000000e-02 1.95312500000000000000000000000000000000000000000000000000000e-03 3.12500000000000000000000000000000000000000000000000000000000e-02 7 3.02348546947808845144102280618975835400050951002483566160870e-21
S 3.12500000000000000000000000000000000000000000000000000000000e-02 1.95312500000000000000000000000000000000000000000000000000000e-03 3.12500000000000000000000000000000000000000000000000000000000e-02 9 1.93373188287938421828439124457350529146783679830025781252126e-24
S 3.12500000000000000000000000000000000000000000000000000000000e-02 1.95312500000000000000000000000000000000000000000000000000000e-03 3.12500000000000000000000000000000000000000000000000000000000e-02 11 1.33237787700427215288462633880185865134627145701801087124329e-27
Ef 3.12500000000000000000000000000000000000000000000000000000000e-02 1.95312500000000000000000000000000000000000000000000000000000e-03 3.12500000000000000000000000000000000000000000000000000000000e-02 -1 1.62804735761942625145794579394638391160742726578285633294420e-07
Ef 3.12500000000000000000000000000000000000000000000000000000000e-02 1.95312500000000000000000000000000000000000000000000000000000e-03 3.12500000000000000000000000000000000000000000000000000000000e-02 1 1.16466920010454505073183614060022328269467560082561418089811e-10
Ef 3.12500000000000000000000000000000000000000000000000000000000e-02 1.95312500000000000000000000000000000000000000000000000000000e-03 3.12500000000000000000000000000000000000000000000000000000000e-02 3 1.70641337984589422226881919523168569810560481096231125273371e-13
Ef 3.12500000000000000000000000000000000000000000000000000000000e-02 1.95312500000000000000000000000000000000000000000000000000000e-03 3.12500000000000000000000000000000000000000000000000000000000e-02 5 3.33338169789666087634417762174953854977266905899148696867253e-16
Ef 3.12500000000000000000000000000000000000000000000000000000000e-02 1.95312500000000000000000000000000000000000000000000000000000e-03 3.12500000000000000000000000000000000000000000000000000000000e-02 7 7.68718416960862936610344444885671993182442933406714326320157e-19
Ef 3.12500000000000000000000000000000000000000000000000000000000e-02 1.95312500000000000000000000000000000000000000000000000000000e-03 3.12500000000000000000000000000000000000000000000000000000000e-02 9 1.97155134763809808669802002447859345066205808978647675482492e-21
Ef 3.12500000000000000000000000000000000000000000000000000000000e-02 1.95312500000000000000000000000000000000000000000000000000000e-03 3.12500000000000000000000000000000000000000000000000000000000e-02 11 5.43526843938988935983006276011390409252472009785752445956955e-24
Ec 3.12500000000000000000000000000000000000000000000000000000000e-02 1.95312500000000000000000000000000000000000000000000000000000e-03 3.12500000000000000000000000000000000000000000000000000000000e-02 -1 4.07795715086930327296850931599708903112152283754171944603936e-06
Ec 3.12500000000000000000000000000000000000000000000000000000000e-02 1.95312500000000000000000000000000000000000000000000000000000e-03 3.12500000000000000000000000000000000000000000000000000000000e-02 1 1.21658372425078056005716380326343098062771513729576815082412e-09
Ec 3.12500000000000000000000000000000000000000000000000000000000e-02 1.95312500000000000000000000000000000000000000000000000000000e-03 3.12500000000000000000000000000000000000000000000000000000000e-02 3 7.68576475195020999293555685296643613442281186366568642633800e-13
Ec 3.12500000000000000000000000000000000000000000000000000000000e-02 1.95312500000000000000000000000000000000000000000000000000000e-03 3.12500000000000000000000000000000000000000000000000000000000e-02 5 6.32491691964116209719508531986238862330016393031898187610938e-16
Ec 3.12500000000000000000000000000000000000000000000000000000000e-02 1.95312500000000000000000000000000000000000000000000000000000e-03 3.12500000000000000000000000000000000000000000000000000000000e-02 7 6.03404000877619070588085030785175660464877654609433568396184e-19
Ec 3.12500000000000000000000000000000000000000000000000000000000e-02 1.95312500000000000000000000000000000000000000000000000000000e-03 3.12500000000000000000000000000000000000000000000000000000000e-02 9 6.38358863812019618754337153927020372614545050712857822102370e-22
Ec 3.12500000000000000000000000000000000000000000000000000000000e-02 1.95312500000000000000000000000000000000000000000000000000000e-03 3.12500000000000000000000000000000000000000000000000000000000e-02 11 7.32192532472895016313632542870031462755204404240765804610965e-25
Vc 3.12500000000000000000000000000000000000000000000000000000000e-02 1.95312500000000000000000000000000000000000000000000000000000e-03 3.12500000000000000000000000000000000000000000000000000000000e-02 -1 1.58012092503263548098139813256156965400838958298689811794217e-07
Vc 3.12500000000000000000000000000000000000000000000000000000000e-02 1.95312500000000000000000000000000000000000000000000000000000e-03 3.12500000000000000000000000000000000000000000000000000000000e-02 1 1.16769196152947533134728035433593663908336052837692202184459e-10
Vc 3.12500000000000000000000000000000000000000000000000000000000e-02 1.95312500000000000000000000000000000000000000000000000000000e-03 3.12500000000000000000000000000000000000000000000000000000000e-02 3 1.71309212836109256808808893832922593011270880567088450872595e-13
Vc 3.12500000000000000000000000000000000000000000000000000000000e-02 1.95312500000000000000000000000000000000000000000000000000000e-03 3.12500000000000000000000000000000000000000000000000000000000e-02 5 3.34970838287756030545205022432528105371305112048885551121195e-16
Vc 3.12500000000000000000000000000000000000000000000000000000000e-02 1.95312500000000000000000000000000000000000000000000000000000e-03 3.12500000000000000000000000000000000000000000000000000000000e-02 7 7.73187117144024156296172200207332044247671496205677607476225e-19
Vc 3.12500000000000000000000000000000000000000000000000000000000e-02 1.95312500000000000000000000000000000000000000000000000000000e-03 3.12500000000000000000000000000000000000000000000000000000000e-02 9 1.98481115538386889567893039110752797547364596628752299789486e-21
Vc 3.12500000000000000000000000000000000000000000000000000000000e-02 1.95312500000000000000000000000000000000000000000000000000000e-03 3.12500000000000000000000000000000000000000000000000000000000e-02 11 5.47686487959742758799234346184983982703443244722754196135727e-24
Vp 3.12500000000000000000000000000000000000000000000000000000000e-02 1.95312500000000000000000000000000000000000000000000000000000e-03 3.12500000000000000000000000000000000000000000000000000000000e-02 -1 1.98816092845204727215193186739465871896394242929340150875172e-07
Vp 3.12500000000000000000000000000000000000000000000000000000000e-02 1.95312500000000000000000000000000000000000000000000000000000e-03 3.12500000000000000000000000000000000000000000000000000000000e-02 1 8.95264341234416644013485244227138654526537204724818197608822e-11
Vp 3.12500000000000000000000000000000000000000000000000000000000e-02 1.95312500000000000000000000000000000000000000000000000000000e-03 3.12500000000000000000000000000000000000000000000000000000000e-02 3 7.18991470314793392945553595749135556562693851710916507302219e-14
Vp 3.12500000000000000000000000000000000000000000000000000000000e-02 1.95312500000000000000000000000000000000000000000000000000000e-03 3.12500000000000000000000000000000000000000000000000000000000e-02 5 7.21519410384667625849203496184266859371619684407029356161728e-17
Vp 3.12500000000000000000000000000000000000000000000000000000000e-02 1.95312500000000000000000000000000000000000000000000000000000e-03 3.12500000000000000000000000000000000000000000000000000000000e-02 7 8.26160177762522432564918028988332223166488533054435427893412e-20
Vp 3.12500000000000000000000000000000000000000000000000000000000e-02 1.95312500000000000000000000000000000000000000000000000000000e-03 3.12500000000000000000000000000000000000000000000000000000000e-02 9 1.03812173860864822927648596714316261874701530394233883960415e-22
Vp 3.12500000000000000000000000000000000000000000000000000000000e-02 1.95312500000000000000000000000000000000000000000000000000000e-03 3.12500000000000000000000000000000000000000000000000000000000e-02 11 1.39906174069318705349576824866202040885193907118241202590034e-25
P1 3.12500000000000000000000000000000000000000000000000000000000e-02 1.95312500000000000000000000000000000000000000000000000000000e-03 3.12500000000000000000000000000000000000000000000000000000000e-02 -1 1.11347516026154274156362620270774643292366566192806274786786e-07
P1 3.12500000000000000000000000000000000000000000000000000000000e-02 1.95312500000000000000000000000000000000000000000000000000000e-03 3.12500000000000000000000000000000000000000000000000000000000e-02 1 1.25372289714355459014061455227024215198854519350816920393719e-10
P1 3.12500000000000000000000000000000000000000000000000000000000e-02 1.95312500000000000000000000000000000000000000000000000000000e-03 3.12500000000000000000000000000000000000000000000000000000000e-02 3 1.44861358308868632044025824564680192939902491813468618066803e-13
P1 3.12500000000000000000000000000000000000000000000000000000000e-02 1.95312500000000000000000000000000000000000000000000000000000e-03 3.12500000000000000000000000000000000000000000000000000000000e-02 5 1.72547726655871164243112862845448000250751125325767204100653e-16
P1 3.12500000000000000000000000000000000000000000000000000000000e-02 1.95312500000000000000000000000000000000000000000000000000000e-03 3.12500000000000000000000000000000000000000000000000000000000e-02 7 2.12762668219844024657567581455623530565295895643434868658080e-19
P1 3.12500000000000000000000000000000000000000000000000000000000e-02 1.95312500000000000000000000000000000000000000000000000000000e-03 3.12500000000000000000000000000000000000000000000000000000000e-02 9 2.72463691560397706221148028260131771750055483773352441649211e-22
P1 3.12500000000000000000000000000000000000000000000000000000000e-02 1.95312500000000000000000000000000000000000000000000000000000e-03 3.12500000000000000000000000000000000000000000000000000000000e-02 11 3.62967645871520029421169234313938767162086773517705523334379e-25
P2 3.12500000000000000000000000000000000000000000000000000000000e-02 1.95312500000000000000000000000000000000000000000000000000000e-03 3.12500000000000000000000000000000000000000000000000000000000e-02 -1 5.84422687832286549297909640233636632263761768746585753486187e-08
P2 3.12500000000000000000000000000000000000000000000000000000000e-02 1.95312500000000000000000000000000000000000000000000000000000e-03 3.12500000000000000000000000000000000000000000000000000000000e-02 1 2.37586008143415079516225601945363014206388323076845180075450e-10
P2 3.12500000000000000000000000000000000000000000000000000000000e-02 1.95312500000000000000000000000000000000000000000000000000000e-03 3.12500000000000000000000000000000000000000000000000000000000e-02 3 9.67955776221218984769052763894223587459388085307141815996861e-13
P2 3.12500000000000000000000000000000000000000000000000000000000e-02 1.95312500000000000000000000000000000000000000000000000000000e-03 3.12500000000000000000000000000000000000000000000000000000000e-02 5 3.95269026312372240948179315729100543970994921766975207691096e-15
P2 3.12500000000000000000000000000000000000000000000000000000000e-02 1.95312500000000000000000000000000000000000000000000000000000e-03 3.12500000000000000000000000000000000000000000000000000000000e-02 7 1.61806734238975166720066960951541489950714802583606576906929e-17
P2 3.12500000000000000000000000000000000000000000000000000000000e-02 1.95312500000000000000000000000000000000000000000000000000000e-03 3.12500000000000000000000000000000000000000000000000000000000e-02 9 6.64098698929882363875160526059011107295437930470107032055687e-20
P2 3.12500000000000000000000000000000000000000000000000000000000e-02 1.95312500000000000000000000000000000000000000000000000000000e-03 3.12500000000000000000000000000000000000000000000000000000000e-02 11 2.73317740230835757623728512062575547090110272201381794629480e-22
P1s 3.12500000000000000000000000000000000000000000000000000000000e-02 1.95312500000000000000000000000000000000000000000000000000000e-03 3.12500000000000000000000000000000000000000000000000000000000e-02 -1 8.54432973057607150603182019101035785437550133162384431485215e-08
P1s 3.12500000000000000000000000000000000000000000000000000000000e-02 1.95312500000000000000000000000000000000000000000000000000000e-03 3.12500000000000000000000000000000000000000000000000000000000e-02 1 1.68327518813779832943237059471685738854044729000413280388780e-10
P1s 3.12500000000000000000000000000000000000000000000000000000000e-02 1.95312500000000000000000000000000000000000000000000000000000e-03 3.12500000000000000000000000000000000000000000000000000000000e-02 3 3.82565125068900111295206828402144295540934698441320797083334e-13
P1s 3.12500000000000000000000000000000000000000000000000000000000e-02 1.95312500000000000000000000000000000000000000000000000000000e-03 3.12500000000000000000000000000000000000000000000000000000000e-02 5 9.93489566623248464853647806236297560772483455888116851932662e-16
P1s 3.12500000000000000000000000000000000000000000000000000000000e-02 1.95312500000000000000000000000000000000000000000000000000000e-03 3.12500000000000000000000000000000000000000000000000000000000e-02 7 2.88845020017792631725962176537222185694434628830530492955991e-18
P1s 3.12500000000000000000000000000000000000000000000000000000000e-02 1.95312500000000000000000000000000000000000000000000000000000e-03 3.12500000000000000000000000000000000000000000000000000000000e-02 9 9.18477726564769265978906390492765270395945870865044661509870e-21
P1s 3.12500000000000000000000000000000000000000000000000000000000e-02 1.95312500000000000000000000000000000000000000000000000000000e-03 3.12500000000000000000000000000000000000000000000000000000000e-02 11 3.12849094761526905448220057106494150676412158758710093353225e-23
P1s-b 3.12500000000000000000000000000000000000000000000000000000000e-02 1.95312500000000000000000000000000000000000000000000000000000e-03 3.12500000000000000000000000000000000000000000000000000000000e-02 -1 8.53487399462006152965382523877548064905599788257141151468925e-08
P1s-b 3.12500000000000000000000000000000000000000000000000000000000e-02 1.95312500000000000000000000000000000000000000000000000000000e-03 3.12500000000000000000000000000000000000000000000000000000000e-02 1 1.68490338596774908080284003381268382539693207070458386954607e-10
P1s-b 3.12500000000000000000000000000000000000000000000000000000000e-02 1.95312500000000000000000000000000000000000000000000000000000e-03 3.12500000000000000000000000000000000000000000000000000000000e-02 3 3.83529079362986044030417335766466221731270827934208514020966e-13
P1s-b 3.12500000000000000000000000000000000000000000000000000000000e-02 1.95312500000000000000000000000000000000000000000000000000000e-03 3.12500000000000000000000000000000000000000000000000000000000e-02 5 9.97145651748822805282256081298828423235515519003782681351090e-16
P1s-b 3.12500000000000000000000000000000000000000000000000000000000e-02 1.95312500000000000000000000000000000000000000000000000000000e-03 3.12500000000000000000000000000000000000000000000000000000000e-02 7 2.90175538095523866033047568253951367534094608830402405950460e-18
P1s-b 3.12500000000000000000000000000000000000000000000000000000000e-02 1.95312500000000000000000000000000000000000000000000000000000e-03 3.12500000000000000000000000000000000000000000000000000000000e-02 9 9.23455103379850974405025062215074735185685463098788967592649e-21
P1s-b 3.12500000000000000000000000000000000000000000000000000000000e-02 1.95312500000000000000000000000000000000000000000000000000000e-03 3.12500000000000000000000000000000000000000000000000000000000e-02 11 3.14784834583230742747634183812769502049542082592742603018052e-23
P2s 3.12500000000000000000000000000000000000000000000000000000000e-02 1.95312500000000000000000000000000000000000000000000000000000e-03 3.12500000000000000000000000000000000000000000000000000000000e-02 -1 5.29293258289755923732386389710713463874234034540539135766870e-08
P2s 3.12500000000000000000000000000000000000000000000000000000000e-02 1.95312500000000000000000000000000000000000000000000000000000e-03 3.12500000000000000000000000000000000000000000000000000000000e-02 1 2.63796976763600009238859078131857981087231901582032168215166e-10
P2s 3.12500000000000000000000000000000000000000000000000000000000e-02 1.95312500000000000000000000000000000000000000000000000000000e-03 3.12500000000000000000000000000000000000000000000000000000000e-02 3 1.34839098218701999611919369974245453564137876908740217123065e-12
P2s 3.12500000000000000000000000000000000000000000000000000000000e-02 1.95312500000000000000000000000000000000000000000000000000000e-03 3.12500000000000000000000000000000000000000000000000000000000e-02 5 7.07930763731797643916319810522855533841288381401661867758473e-15
P2s 3.12500000000000000000000000000000000000000000000000000000000e-02 1.95312500000000000000000000000000000000000000000000000000000e-03 3.12500000000000000000000000000000000000000000000000000000000e-02 7 3.82128001122999244536171706202537825186499535466079734496769e-17
P2s 3.12500000000000000000000000000000000000000000000000000000000e-02 1.95312500000000000000000000000000000000000000000000000000000e-03 3.12500000000000000000000000000000000000000000000000000000000e-02 9 2.12125032350846787528059117650166036791410746103863070731779e-19
P2s 3.12500000000000000000000000000000000000000000000000000000000e-02 1.95312500000000000000000000000000000000000000000000000000000e-03 3.12500000000000000000000000000000000000000000000000000000000e-02 11 1.21046761186298314063468823711815663551551875154491822712454e-21
P2s-b 3.12500000000000000000000000000000000000000000000000000000000e-02 1.95312500000000000000000000000000000000000000000000000000000e-03 3.12500000000000000000000000000000000000000000000000000000000e-02 -1 5.29086118149833578623269272632829894883399784353689583690387e-08
P2s-b 3.12500000000000000000000000000000000000000000000000000000000e-02 1.95312500000000000000000000000000000000000000000000000000000e-03 3.12500000000000000000000000000000000000000000000000000000000e-02 1 2.63897898511291609721239745967693164800677448639389993157253e-10
P2s-b 3.12500000000000000000000000000000000000000000000000000000000e-02 1.95312500000000000000000000000000000000000000000000000000000e-03 3.12500000000000000000000000000000000000000000000000000000000e-02 3 1.34990092185468766398135301641329540705830471062193488271351e-12
P2s-b 3.12500000000000000000000000000000000000000000000000000000000e-02 1.95312500000000000000000000000000000000000000000000000000000e-03 3.12500000000000000000000000000000000000000000000000000000000e-02 5 7.09217889507974461026139618094915194157638647263242096375396e-15
P2s-b 3.12500000000000000000000000000000000000000000000000000000000e-02 1.95312500000000000000000000000000000000000000000000000000000e-03 3.12500000000000000000000000000000000000000000000000000000000e-02 7 3.83074622522623575199457851636421802052397978328298562382112e-17
P2s-b 3.12500000000000000000000000000000000000000000000000000000000e-02 1.95312500000000000000000000000000000000000000000000000000000e-03 3.12500000000000000000000000000000000000000000000000000000000e-02 9 2.12782352347767004006603950807351977582032418249771765653498e-19
P2s-b 3.12500000000000000000000000000000000000000000000000000000000e-02 1.95312500000000000000000000000000000000000000000000000000000e-03 3.12500000000000000000000000000000000000000000000000000000000e-02 11 1.21492966077961664601835443722181504125697303112271735001946e-21
Xg 3.12500000000000000000000000000000000000000000000000000000000e-02 1.95312500000000000000000000000000000000000000000000000000000e-03 3.12500000000000000000000000000000000000000000000000000000000e-02 -1 3.76168087595654878618059967060278688948334519997063501264563e-06
Xg 3.12500000000000000000000000000000000000000000000000000000000e-02 1.95312500000000000000000000000000000000000000000000000000000e-03 3.12500000000000000000000000000000000000000000000000000000000e-02 1 1.23132115066063405604994329077762423028203987468099120244061e-09
Xg 3.12500000000000000000000000000000000000000000000000000000000e-02 1.95312500000000000000000000000000000000000000000000000000000e-03 3.12500000000000000000000000000000000000000000000000000000000e-02 3 7.82598563838548969679875325766542350363119775014860447172432e-13
Xg 3.12500000000000000000000000000000000000000000000000000000000e-02 1.95312500000000000000000000000000000000000000000000000000000e-03 3.12500000000000000000000000000000000000000000000000000000000e-02 5 6.47306858179094094658960845467598930335874738187111021306508e-16
Xg 3.12500000000000000000000000000000000000000000000000000000000e-02 1.95312500000000000000000000000000000000000000000000000000000e-03 3.12500000000000000000000000000000000000000000000000000000000e-02 7 6.20523496647603459331869111357784565754786734135466829448406e-19
Xg 3.12500000000000000000000000000000000000000000000000000000000e-02 1.95312500000000000000000000000000000000000000000000000000000e-03 3.12500000000000000000000000000000000000000000000000000000000e-02 9 6.59416760511047939850948227996748496009386709893375099297934e-22
Xg 3.12500000000000000000000000000000000000000000000000000000000e-02 1.95312500000000000000000000000000000000000000000000000000000e-03 3.12500000000000000000000000000000000000000000000000000000000e-02 11 7.59492421175179509239342546322904695242187457962644187164359e-25
Xg-b 3.12500000000000000000000000000000000000000000000000000000000e-02 1.95312500000000000000000000000000000000000000000000000000000e-03 3.12500000000000000000000000000000000000000000000000000000000e-02 -1 1.88618099568006160670025411345137069042160162346076847016000e-06
Xg-b 3.12500000000000000000000000000000000000000000000000000000000e-02 1.95312500000000000000000000000000000000000000000000000000000e-03 3.12500000000000000000000000000000000000000000000000000000000e-02 1 2.17896121863646688431259118448314313386318358552109935041016e-09
Xg-b 3.12500000000000000000000000000000000000000000000000000000000e-02 1.95312500000000000000000000000000000000000000000000000000000e-03 3.12500000000000000000000000000000000000000000000000000000000e-02 3 3.80705600602242433562887055852143839100067352629951023241942e-12
Xg-b 3.12500000000000000000000000000000000000000000000000000000000e-02 1.95312500000000000000000000000000000000000000000000000000000e-03 3.12500000000000000000000000000000000000000000000000000000000e-02 5 8.38382532848823096615709212861358887975903718015235354676204e-15
Xg-b 3.12500000000000000000000000000000000000000000000000000000000e-02 1.95312500000000000000000000000000000000000000000000000000000e-03 3.12500000000000000000000000000000000000000000000000000000000e-02 7 2.14950282988626354636450158547533859391227750754647443664803e-17
Xg-b 3.12500000000000000000000000000000000000000000000000000000000e-02 1.95312500000000000000000000000000000000000000000000000000000e-03 3.12500000000000000000000000000000000000000000000000000000000e-02 9 6.12571537941731645173375467902856552455346125458357736327374e-20
Xg-b 3.12500000000000000000000000000000000000000000000000000000000e-02 1.95312500000000000000000000000000000000000000000000000000000e-03 3.12500000000000000000000000000000000000000000000000000000000e-02 11 1.88414955188448207210760833916337485373679522819385636478790e-22
Xg-c 3.12500000000000000000000000000000000000000000000000000000000e-02 1.95312500000000000000000000000000000000000000000000000000000e-03 3.12500000000000000000000000000000000000000000000000000000000e-02 -1 1.26827178946352086879549097157827333625461460985805735039703e-06
Xg-c 3.12500000000000000000000000000000000000000000000000000000000e-02 1.95312500000000000000000000000000000000000000000000000000000e-03 3.12500000000000000000000000000000000000000000000000000000000e-02 1 2.90216439726798912109981747489135976029651730963054632468285e-09
Xg-c 3.12500000000000000000000000000000000000000000000000000000000e-02 1.95312500000000000000000000000000000000000000000000000000000e-03 3.12500000000000000000000000000000000000000000000000000000000e-02 3 7.57222642034563681909692554631463065382085841030816830563945e-12
Xg-c 3.12500000000000000000000000000000000000000000000000000000000e-02 1.95312500000000000000000000000000000000000000000000000000000e-03 3.12500000000000000000000000000000000000000000000000000000000e-02 5 2.19417257069434368696035614030043090556963495485381925693063e-14
Xg-c 3.12500000000000000000000000000000000000000000000000000000000e-02 1.95312500000000000000000000000000000000000000000000000000000e-03 3.12500000000000000000000000000000000000000000000000000000000e-02 7 6.87084972858614031476906140369149017990323492949485519598107e-17
Xg-c 3.12500000000000000000000000000000000000000000000000000000000e-02 1.95312500000000000000000000000000000000000000000000000000000e-03 3.12500000000000000000000000000000000000000000000000000000000e-02 9 2.27512684343096832194888391479159569306911363150673055666745e-19
Xg-c 3.12500000000000000000000000000000000000000000000000000000000e-02 1.95312500000000000000000000000000000000000000000000000000000e-03 3.12500000000000000000000000000000000000000000000000000000000e-02 11 7.84578452177713948205152021917982310215908152023588993656723e-22
Xg-d 3.12500000000000000000000000000000000000000000000000000000000e-02 1.95312500000000000000000000000000000000000000000000000000000e-03 3.12500000000000000000000000000000000000000000000000000000000e-02 -1 1.06966674489561641074281218957330405319050506329500689925507e-06
Xg-d 3.12500000000000000000000000000000000000000000000000000000000e-02 1.95312500000000000000000000000000000000000000000000000000000e-03 3.12500000000000000000000000000000000000000000000000000000000e-02 1 3.43566661991469925047678491718373930253877796732905506435994e-09
Xg-d 3.12500000000000000000000000000000000000000000000000000000000e-02 1.95312500000000000000000000000000000000000000000000000000000e-03 3.12500000000000000000000000000000000000000000000000000000000e-02 3 1.24882722766279090816079106021152865652171139506348028810305e-11
Xg-d 3.12500000000000000000000000000000000000000000000000000000000e-02 1.95312500000000000000000000000000000000000000000000000000000e-03 3.12500000000000000000000000000000000000000000000000000000000e-02 5 5.02207178527017672234602312993515272966469572786615499089614e-14
Xg-d 3.12500000000000000000000000000000000000000000000000000000000e-02 1.95312500000000000000000000000000000000000000000000000000000e-03 3.12500000000000000000000000000000000000000000000000000000000e-02 7 2.19200237432022826599395118295608017994756731001293474472312e-16
Xg-d 3.12500000000000000000000000000000000000000000000000000000000e-02 1.95312500000000000000000000000000000000000000000000000000000e-03 3.12500000000000000000000000000000000000000000000000000000000e-02 9 1.02323612885435908839922063747075243380550500022942118704580e-18
Xg-d 3.12500000000000000000000000000000000000000000000000000000000e-02 1.95312500000000000000000000000000000000000000000000000000000e-03 3.12500000000000000000000000000000000000000000000000000000000e-02 11 5.05181622781903275132426053482630018837690278505280636607959e-21
S 1.95312500000000000000000000000000000000000000000000000000000e-03 3.12500000000000000000000000000000000000000000000000000000000e-02 3.12500000000000000000000000000000000000000000000000000000000e-02 -1 9.50433375235411637562397240641666921224425676745666733301025e-07
S 1.95312500000000000000000000000000000000000000000000000000000e-03 3.12500000000000000000000000000000000000000000000000000000000e-02 3.12500000000000000000000000000000000000000000000000000000000e-02 1 3.90759755614205294387499027834307512754143858057702502623001e-11
S 1.95312500000000000000000000000000000000000000000000000000000e-03 3.12500000000000000000000000000000000000000000000000000000000e-02 3.12500000000000000000000000000000000000000000000000000000000e-02 3 1.14060039802313608756918685931992593158782432300436893138424e-14
S 1.95312500000000000000000000000000000000000000000000000000000e-03 3.12500000000000000000000000000000000000000000000000000000000e-02 3.12500000000000000000000000000000000000000000000000000000000e-02 5 5.30491747246876600974199142817855374063042975681227908283435e-18
S 1.95312500000000000000000000000000000000000000000000000000000e-03 3.12500000000000000000000000000000000000000000000000000000000e-02 3.12500000000000000000000000000000000000000000000000000000000e-02 7 3.02348546947808845144102280618975835400050951002483566160870e-21
S 1.95312500000000000000000000000000000000000000000000000000000e-03 3.12500000000000000000000000000000000000000000000000000000000e-02 3.12500000000000000000000000000000000000000000000000000000000e-02 9 1.93373188287938421828439124457350529146783679830025781252126e-24
S 1.95312500000000000000000000000000000000000000000000000000000e-03 3.12500000000000000000000000000000000000000000000000000000000e-02 3.12500000000000000000000000000000000000000000000000000000000e-02 11 1.33237787700427215288462633880185865134627145701801087124329e-27
Ef 1.95312500000000000000000000000000000000000000000000000000000e-03 3.12500000000000000000000000000000000000000000000000000000000e-02 3.12500000000000000000000000000000000000000000000000000000000e-02 -1 6.29616546970205464318462847990871564662843971336947944974311e-07
Ef 1.95312500000000000000000000000000000000000000000000000000000e-03 3.12500000000000000000000000000000000000000000000000000000000e-02 3.12500000000000000000000000000000000000000000000000000000000e-02 1 4.02957127665416678633376699903992667500970877106982994018290e-11
Ef 1.95312500000000000000000000000000000000000000000000000000000e-03 3.12500000000000000000000000000000000000000000000000000000000e-02 3.12500000000000000000000000000000000000000000000000000000000e-02 3 1.16355725664735081107571130330858759703941784680692032628925e-14
Ef 1.95312500000000000000000000000000000000000000000000000000000e-03 3.12500000000000000000000000000000000000000000000000000000000e-02 3.12500000000000000000000000000000000000000000000000000000000e-02 5 5.41551092611116505761012677119436471149256116712530490452333e-18
Ef 1.95312500000000000000000000000000000000000000000000000000000e-03 3.12500000000000000000000000000000000000000000000000000000000e-02 3.12500000000000000000000000000000000000000000000000000000000e-02 7 3.09554079841610577984600886996248146414593001029908841791976e-21
Ef 1.95312500000000000000000000000000000000000000000000000000000e-03 3.12500000000000000000000000000000000000000000000000000000000e-02 3.12500000000000000000000000000000000000000000000000000000000e-02 9 1.98666123213251245119846205584390549895787004662798949893199e-24
Ef 1.95312500000000000000000000000000000000000000000000000000000e-03 3.12500000000000000000000000000000000000000000000000000000000e-02 3.12500000000000000000000000000000000000000000000000000000000e-02 11 1.37387155467625645556811916228029361815695934946062542699185e-27
Ec 1.95312500000000000000000000000000000000000000000000000000000e-03 3.12500000000000000000000000000000000000000000000000000000000e-02 3.12500000000000000000000000000000000000000000000000000000000e-02 -1 2.06289584257689766624502078561287374893568835857140344745835e-07
Ec 1.95312500000000000000000000000000000000000000000000000000000e-03 3.12500000000000000000000000000000000000000000000000000000000e-02 3.12500000000000000000000000000000000000000000000000000000000e-02 1 8.91458387480069210785159003858794850122257136182356165848904e-11
Ec 1.95312500000000000000000000000000000000000000000000000000000e-03 3.12500000000000000000000000000000000000000000000000000000000e-02 3.12500000000000000000000000000000000000000000000000000000000e-02 3 7.13872287498395895208867173120696467532040508365968573243210e-14
Ec 1.95312500000000000000000000000000000000000000000000000000000e-03 3.12500000000000000000000000000000000000000000000000000000000e-02 3.12500000000000000000000000000000000000000000000000000000000e-02 5 7.14670734089947822323196323646755475533451804625818810743236e-17
Ec 1.95312500000000000000000000000000000000000000000000000000000e-03 3.12500000000000000000000000000000000000000000000000000000000e-02 3.12500000000000000000000000000000000000000000000000000000000e-02 7 8.16542170446668125652527300462280917152042870977251358954854e-20
Ec 1.95312500000000000000000000000000000000000000000000000000000e-03 3.12500000000000000000000000000000000000000000000000000000000e-02 3.12500000000000000000000000000000000000000000000000000000000e-02 9 1.02396746017716634945964796177080655946767329844614946506120e-22
Ec 1.95312500000000000000000000000000000000000000000000000000000e-03 3.12500000000000000000000000000000000000000000000000000000000e-02 3.12500000000000000000000000000000000000000000000000000000000e-02 11 1.37733098011191215442122579782701952014003721646154649005413e-25
Vc 1.95312500000000000000000000000000000000000000000000000000000e-03 3.12500000000000000000000000000000000000000000000000000000000e-02 3.12500000000000000000000000000000000000000000000000000000000e-02 -1 1.58012092503263548098139813256156965400838958298689811794217e-07
Vc 1.95312500000000000000000000000000000000000000000000000000000e-03 3.12500000000000000000000000000000000000000000000000000000000e-02 3.12500000000000000000000000000000000000000000000000000000000e-02 1 1.16769196152947533134728035433593663908336052837692202184459e-10
Vc 1.95312500000000000000000000000000000000000000000000000000000e-03 3.12500000000000000000000000000000000000000000000000000000000e-02 3.12500000000000000000000000000000000000000000000000000000000e-02 3 1.71309212836109256808808893832922593011270880567088450872595e-13
Vc 1.95312500000000000000000000000000000000000000000000000000000e-03 3.12500000000000000000000000000000000000000000000000000000000e-02 3.12500000000000000000000000000000000000000000000000000000000e-02 5 3.34970838287756030545205022432528105371305112048885551121195e-16
Vc 1.95312500000000000000000000000000000000000000000000000000000e-03 3.12500000000000000000000000000000000000000000000000000000000e-02 3.12500000000000000000000000000000000000000000000000000000000e-02 7 7.73187117144024156296172200207332044247671496205677607476225e-19
Vc 1.95312500000000000000000000000000000000000000000000000000000e-03 3.12500000000000000000000000000000000000000000000000000000000e-02 3.12500000000000000000000000000000000000000000000000000000000e-02 9 1.98481115538386889567893039110752797547364596628752299789486e-21
Vc 1.95312500000000000000000000000000000000000000000000000000000e-03 3.12500000000000000000000000000000000000000000000000000000000e-02 3.12500000000000000000000000000000000000000000000000000000000e-02 11 5.47686487959742758799234346184983982703443244722754196135727e-24
Vp 1.95312500000000000000000000000000000000000000000000000000000e-03 3.12500000000000000000000000000000000000000000000000000000000e-02 3.12500000000000000000000000000000000000000000000000000000000e-02 -1 1.90620974321297905689210247741814997535666289120662102727128e-06
Vp 1.95312500000000000000000000000000000000000000000000000000000e-03 3.12500000000000000000000000000000000000000000000000000000000e-02 3.12500000000000000000000000000000000000000000000000000000000e-02 1 2.17173621510002620120770490050469613334563738510792531275615e-09
Vp 1.95312500000000000000000000000000000000000000000000000000000e-03 3.12500000000000000000000000000000000000000000000000000000000e-02 3.12500000000000000000000000000000000000000000000000000000000e-02 3 3.78215415185961780370025552269759216672517318856288231273437e-12
Vp 1.95312500000000000000000000000000000000000000000000000000000e-03 3.12500000000000000000000000000000000000000000000000000000000e-02 3.12500000000000000000000000000000000000000000000000000000000e-02 5 8.31140953781147712355496368899821482082718946001215661849381e-15
Vp 1.95312500000000000000000000000000000000000000000000000000000e-03 3.12500000000000000000000000000000000000000000000000000000000e-02 3.12500000000000000000000000000000000000000000000000000000000e-02 7 2.12719628326832641240348007787954537748022661627227379974227e-17
Vp 1.95312500000000000000000000000000000000000000000000000000000e-03 3.12500000000000000000000000000000000000000000000000000000000e-02 3.12500000000000000000000000000000000000000000000000000000000e-02 9 6.05223773528989113305200940454779168027690862131755815477935e-20
Vp 1.95312500000000000000000000000000000000000000000000000000000e-03 3.12500000000000000000000000000000000000000000000000000000000e-02 3.12500000000000000000000000000000000000000000000000000000000e-02 11 1.85857377715766818630453072341850253000412278908920156461212e-22
P1 1.95312500000000000000000000000000000000000000000000000000000e-03 3.12500000000000000000000000000000000000000000000000000000000e-02 3.12500000000000000000000000000000000000000000000000000000000e-02 -1 1.11347516026154274156362620270774643292366566192806274786786e-07
P1 1.95312500000000000000000000000000000000000000000000000000000e-03 3.12500000000000000000000000000000000000000000000000000000000e-02 3.12500000000000000000000000000000000000000000000000000000000e-02 1 1.25372289714355459014061455227024215198854519350816920393719e-10
P1 1.95312500000000000000000000000000000000000000000000000000000e-03 3.12500000000000000000000000000000000000000000000000000000000e-02 3.12500000000000000000000000000000000000000000000000000000000e-02 3 1.44861358308868632044025824564680192939902491813468618066803e-13
P1 1.95312500000000000000000000000000000000000000000000000000000e-03 3.12500000000000000000000000000000000000000000000000000000000e-02 3.12500000000000000000000000000000000000000000000000000000000e-02 5 1.72547726655871164243112862845448000250751125325767204100653e-16
P1 1.95312500000000000000000000000000000000000000000000000000000e-03 3.12500000000000000000000000000000000000000000000000000000000e-02 3.12500000000000000000000000000000000000000000000000000000000e-02 7 2.12762668219844024657567581455623530565295895643434868658080e-19
P1 1.95312500000000000000000000000000000000000000000000000000000e-03 3.12500000000000000000000000000000000000000000000000000000000e-02 3.12500000000000000000000000000000000000000000000000000000000e-02 9 2.72463691560397706221148028260131771750055483773352441649211e-22
P1 1.95312500000000000000000000000000000000000000000000000000000e-03 3.12500000000000000000000000000000000000000000000000000000000e-02 3.12500000000000000000000000000000000000000000000000000000000e-02 11 3.62967645871520029421169234313938767162086773517705523334379e-25
P2 1.95312500000000000000000000000000000000000000000000000000000e-03 3.12500000000000000000000000000000000000000000000000000000000e-02 3.12500000000000000000000000000000000000000000000000000000000e-02 -1 5.84422687832286549297909640233636632263761768746585753486187e-08
P2 1.95312500000000000000000000000000000000000000000000000000000e-03 3.12500000000000000000000000000000000000000000000000000000000e-02 3.12500000000000000000000000000000000000000000000000000000000e-02 1 2.37586008143415079516225601945363014206388323076845180075450e-10
P2 1.95312500000000000000000000000000000000000000000000000000000e-03 3.12500000000000000000000000000000000000000000000000000000000e-02 3.12500000000000000000000000000000000000000000000000000000000e-02 3 9.67955776221218984769052763894223587459388085307141815996861e-13
P2 1.95312500000000000000000000000000000000000000000000000000000e-03 3.12500000000000000000000000000000000000000000000000000000000e-02 3.12500000000000000000000000000000000000000000000000000000000e-02 5 3.95269026312372240948179315729100543970994921766975207691096e-15
P2 1.95312500000000000000000000000000000000000000000000000000000e-03 3.12500000000000000000000000000000000000000000000000000000000e-02 3.12500000000000000000000000000000000000000000000000000000000e-02 7 1.61806734238975166720066960951541489950714802583606576906929e-17
P2 1.95312500000000000000000000000000000000000000000000000000000e-03 3.12500000000000000000000000000000000000000000000000000000000e-02 3.12500000000000000000000000000000000000000000000000000000000e-02 9 6.64098698929882363875160526059011107295437930470107032055687e-20
P2 1.95312500000000000000000000000000000000000000000000000000000e-03 3.12500000000000000000000000000000000000000000000000000000000e-02 3.12500000000000000000000000000000000000000000000000000000000e-02 11 2.73317740230835757623728512062575547090110272201381794629480e-22
P1s 1.95312500000000000000000000000000000000000000000000000000000e-03 3.12500000000000000000000000000000000000000000000000000000000e-02 3.12500000000000000000000000000000000000000000000000000000000e-02 -1 1.11155645857562281663388237796107794156450886281521482818890e-07
P1s 1.95312500000000000000000000000000000000000000000000000000000e-03 3.12500000000000000000000000000000000000000000000000000000000e-02 3.12500000000000000000000000000000000000000000000000000000000e-02 1 1.25584363053187678934881158124164987228458944478015285892221e-10
P1s 1.95312500000000000000000000000000000000000000000000000000000e-03 3.12500000000000000000000000000000000000000000000000000000000e-02 3.12500000000000000000000000000000000000000000000000000000000e-02 3 1.45579755793332042330154780318406943954037006215120119893147e-13
P1s 1.95312500000000000000000000000000000000000000000000000000000e-03 3.12500000000000000000000000000000000000000000000000000000000e-02 3.12500000000000000000000000000000000000000000000000000000000e-02 5 1.73934940185391563560266067498067382138465169673847142177627e-16
P1s 1.95312500000000000000000000000000000000000000000000000000000e-03 3.12500000000000000000000000000000000000000000000000000000000e-02 3.12500000000000000000000000000000000000000000000000000000000e-02 7 2.15081852650886952217974163342909773127425293325914483173413e-19
P1s 1.95312500000000000000000000000000000000000000000000000000000e-03 3.12500000000000000000000000000000000000000000000000000000000e-02 3.12500000000000000000000000000000000000000000000000000000000e-02 9 2.76149143859915322664281648339987948081321363762295429852596e-22
P1s 1.95312500000000000000000000000000000000000000000000000000000e-03 3.12500000000000000000000000000000000000000000000000000000000e-02 3.12500000000000000000000000000000000000000000000000000000000e-02 11 3.68748500442557152102352258173726769108150020809330007623997e-25
P1s-b 1.95312500000000000000000000000000000000000000000000000000000e-03 3.12500000000000000000000000000000000000000000000000000000000e-02 3.12500000000000000000000000000000000000000000000000000000000e-02 -1 8.53487399462006152965382523877548064905599788257141151468925e-08
P1s-b 1.95312500000000000000000000000000000000000000000000000000000e-03 3.12500000000000000000000000000000000000000000000000000000000e-02 3.12500000000000000000000000000000000000000000000000000000000e-02 1 1.68490338596774908080284003381268382539693207070458386954607e-10
P1s-b 1.95312500000000000000000000000000000000000000000000000000000e-03 3.12500000000000000000000000000000000000000000000000000000000e-02 3.12500000000000000000000000000000000000000000000000000000000e-02 3 3.83529079362986044030417335766466221731270827934208514020966e-13
P1s-b 1.95312500000000000000000000000000000000000000000000000000000e-03 3.12500000000000000000000000000000000000000000000000000000000e-02 3.12500000000000000000000000000000000000000000000000000000000e-02 5 9.97145651748822805282256081298828423235515519003782681351090e-16
P1s-b 1.95312500000000000000000000000000000000000000000000000000000e-03 3.12500000000000000000000000000000000000000000000000000000000e-02 3.12500000000000000000000000000000000000000000000000000000000e-02 7 2.90175538095523866033047568253951367534094608830402405950460e-18
P1s-b 1.95312500000000000000000000000000000000000000000000000000000e-03 3.12500000000000000000000000000000000000000000000000000000000e-02 3.12500000000000000000000000000000000000000000000000000000000e-02 9 9.23455103379850974405025062215074735185685463098788967592649e-21
P1s-b 1.95312500000000000000000000000000000000000000000000000000000e-03 3.12500000000000000000000000000000000000000000000000000000000e-02 3.12500000000000000000000000000000000000000000000000000000000e-02 11 3.14784834583230742747634183812769502049542082592742603018052e-23
P2s 1.95312500000000000000000000000000000000000000000000000000000e-03 3.12500000000000000000000000000000000000000000000000000000000e-02 3.12500000000000000000000000000000000000000000000000000000000e-02 -1 5.84148256251209431473687102838312874825935736215311022792274e-08
P2s 1.95312500000000000000000000000000000000000000000000000000000e-03 3.12500000000000000000000000000000000000000000000000000000000e-02 3.12500000000000000000000000000000000000000000000000000000000e-02 1 2.37697434296536973636167215771279561496538481508268021701882e-10
P2s 1.95312500000000000000000000000000000000000000000000000000000e-03 3.12500000000000000000000000000000000000000000000000000000000e-02 3.12500000000000000000000000000000000000000000000000000000000e-02 3 9.69315785620869580539226906019792643917808173014516908196661e-13
P2s 1.95312500000000000000000000000000000000000000000000000000000e-03 3.12500000000000000000000000000000000000000000000000000000000e-02 3.12500000000000000000000000000000000000000000000000000000000e-02 5 3.96193221643006556421205900074863131239692453737941040663392e-15
P2s 1.95312500000000000000000000000000000000000000000000000000000e-03 3.12500000000000000000000000000000000000000000000000000000000e-02 3.12500000000000000000000000000000000000000000000000000000000e-02 7 1.62335503401003419791049498262291359304702669316401653743561e-17
P2s 1.95312500000000000000000000000000000000000000000000000000000e-03 3.12500000000000000000000000000000000000000000000000000000000e-02 3.12500000000000000000000000000000000000000000000000000000000e-02 9 6.66883857240924744187320408133307434411266733671802609067389e-20
P2s 1.95312500000000000000000000000000000000000000000000000000000e-03 3.12500000000000000000000000000000000000000000000000000000000e-02 3.12500000000000000000000000000000000000000000000000000000000e-02 11 2.74715942106056536741447181097239156729212793788026275381744e-22
P2s-b 1.95312500000000000000000000000000000000000000000000000000000e-03 3.12500000000000000000000000000000000000000000000000000000000e-02 3.12500000000000000000000000000000000000000000000000000000000e-02 -1 5.29086118149833578623269272632829894883399784353689583690387e-08
P2s-b 1.95312500000000000000000000000000000000000000000000000000000e-03 3.12500000000000000000000000000000000000000000000000000000000e-02 3.12500000000000000000000000000000000000000000000000000000000e-02 1 2.63897898511291609721239745967693164800677448639389993157253e-10
P2s-b 1.95312500000000000000000000000000000000000000000000000000000e-03 3.12500000000000000000000000000000000000000000000000000000000e-02 3.12500000000000000000000000000000000000000000000000000000000e-02 3 1.34990092185468766398135301641329540705830471062193488271351e-12
P2s-b 1.95312500000000000000000000000000000000000000000000000000000e-03 3.12500000000000000000000000000000000000000000000000000000000e-02 3.12500000000000000000000000000000000000000000000000000000000e-02 5 7.09217889507974461026139618094915194157638647263242096375396e-15
P2s-b 1.95312500000000000000000000000000000000000000000000000000000e-03 3.12500000000000000000000000000000000000000000000000000000000e-02 3.12500000000000000000000000000000000000000000000000000000000e-02 7 3.83074622522623575199457851636421802052397978328298562382112e-17
P2s-b 1.95312500000000000000000000000000000000000000000000000000000e-03 3.12500000000000000000000000000000000000000000000000000000000e-02 3.12500000000000000000000000000000000000000000000000000000000e-02 9 2.12782352347767004006603950807351977582032418249771765653498e-19
P2s-b 1.95312500000000000000000000000000000000000000000000000000000e-03 3.12500000000000000000000000000000000000000000000000000000000e-02 3.12500000000000000000000000000000000000000000000000000000000e-02 11 1.21492966077961664601835443722181504125697303112271735001946e-21
Xg 1.95312500000000000000000000000000000000000000000000000000000e-03 3.12500000000000000000000000000000000000000000000000000000000e-02 3.12500000000000000000000000000000000000000000000000000000000e-02 -1 7.66772745123309032718703459003943578353862813478113012450877e-08
Xg 1.95312500000000000000000000000000000000000000000000000000000e-03 3.12500000000000000000000000000000000000000000000000000000000e-02 3.12500000000000000000000000000000000000000000000000000000000e-02 1 1.87189704926418750342469053461591857557043477325733933487448e-10
Xg 1.95312500000000000000000000000000000000000000000000000000000e-03 3.12500000000000000000000000000000000000000000000000000000000e-02 3.12500000000000000000000000000000000000000000000000000000000e-02 3 5.17353500808540463798155163821539307903321631601673117767368e-13
Xg 1.95312500000000000000000000000000000000000000000000000000000e-03 3.12500000000000000000000000000000000000000000000000000000000e-02 3.12500000000000000000000000000000000000000000000000000000000e-02 5 1.57922857351124217056948708822013701038233012634029874223862e-15
Xg 1.95312500000000000000000000000000000000000000000000000000000e-03 3.12500000000000000000000000000000000000000000000000000000000e-02 3.12500000000000000000000000000000000000000000000000000000000e-02 7 5.19632569945448399992743148930916120082654445545749215999263e-18
Xg 1.95312500000000000000000000000000000000000000000000000000000e-03 3.12500000000000000000000000000000000000000000000000000000000e-02 3.12500000000000000000000000000000000000000000000000000000000e-02 9 1.80768675600555787535107761103796597676773455509619001132919e-20
Xg 1.95312500000000000000000000000000000000000000000000000000000e-03 3.12500000000000000000000000000000000000000000000000000000000e-02 3.12500000000000000000000000000000000000000000000000000000000e-02 11 6.55642879991280907768601639737602227256596191411159733917618e-23
Xg-b 1.95312500000000000000000000000000000000000000000000000000000e-03 3.12500000000000000000000000000000000000000000000000000000000e-02 3.12500000000000000000000000000000000000000000000000000000000e-02 -1 7.66085278224592951489959823329564002287284427051499985090292e-08
Xg-b 1.95312500000000000000000000000000000000000000000000000000000e-03 3.12500000000000000000000000000000000000000000000000000000000e-02 3.12500000000000000000000000000000000000000000000000000000000e-02 1 1.87335845903979465085069713364239441974726112586235733991048e-10
Xg-b 1.95312500000000000000000000000000000000000000000000000000000e-03 3.12500000000000000000000000000000000000000000000000000000000e-02 3.12500000000000000000000000000000000000000000000000000000000e-02 3 5.18425305833765876704399998194567626558481175273478101037301e-13
Xg-b 1.95312500000000000000000000000000000000000000000000000000000e-03 3.12500000000000000000000000000000000000000000000000000000000e-02 3.12500000000000000000000000000000000000000000000000000000000e-02 5 1.58417095798442114890752726667709968924322171386910435633825e-15
Xg-b 1.95312500000000000000000000000000000000000000000000000000000e-03 3.12500000000000000000000000000000000000000000000000000000000e-02 3.12500000000000000000000000000000000000000000000000000000000e-02 7 5.21746564971224727815322328562108475133335122469656595653453e-18
Xg-b 1.95312500000000000000000000000000000000000000000000000000000e-03 3.12500000000000000000000000000000000000000000000000000000000e-02 3.12500000000000000000000000000000000000000000000000000000000e-02 9 1.81663706796825841077879993761118673916099610397998308433974e-20
Xg-b 1.95312500000000000000000000000000000000000000000000000000000e-03 3.12500000000000000000000000000000000000000000000000000000000e-02 3.12500000000000000000000000000000000000000000000000000000000e-02 11 6.59451197598952015555651397054915098936528275082662661147227e-23
Xg-c 1.95312500000000000000000000000000000000000000000000000000000e-03 3.12500000000000000000000000000000000000000000000000000000000e-02 3.12500000000000000000000000000000000000000000000000000000000e-02 -1 5.67538655112773263663400617502679188821216579841523855371783e-08
Xg-c 1.95312500000000000000000000000000000000000000000000000000000e-03 3.12500000000000000000000000000000000000000000000000000000000e-02 3.12500000000000000000000000000000000000000000000000000000000e-02 1 2.49250919218584818101911990511927087008087956634040483093538e-10
Xg-c 1.95312500000000000000000000000000000000000000000000000000000e-03 3.12500000000000000000000000000000000000000000000000000000000e-02 3.12500000000000000000000000000000000000000000000000000000000e-02 3 1.17625595485934041451219996205549423793523189841873607914595e-12
Xg-c 1.95312500000000000000000000000000000000000000000000000000000e-03 3.12500000000000000000000000000000000000000000000000000000000e-02 3.12500000000000000000000000000000000000000000000000000000000e-02 5 5.90696186314780008566804574948103475708814679668941255245229e-15
Xg-c 1.95312500000000000000000000000000000000000000000000000000000e-03 3.12500000000000000000000000000000000000000000000000000000000e-02 3.12500000000000000000000000000000000000000000000000000000000e-02 7 3.12715369781823859829486884991349727758940179432857938225148e-17
Xg-c 1.95312500000000000000000000000000000000000000000000000000000e-03 3.12500000000000000000000000000000000000000000000000000000000e-02 3.12500000000000000000000000000000000000000000000000000000000e-02 9 1.73093222549678260471155316212939927883225761433800983461907e-19
Xg-c 1.95312500000000000000000000000000000000000000000000000000000e-03 3.12500000000000000000000000000000000000000000000000000000000e-02 3.12500000000000000000000000000000000000000000000000000000000e-02 11 9.94840790316002436994784494322549691756130025023323546204118e-22
Xg-d 1.95312500000000000000000000000000000000000000000000000000000e-03 3.12500000000000000000000000000000000000000000000000000000000e-02 3.12500000000000000000000000000000000000000000000000000000000e-02 -1 5.67271897470068494502403307274268177739611584446766661001892e-08
Xg-d 1.95312500000000000000000000000000000000000000000000000000000e-03 3.12500000000000000000000000000000000000000000000000000000000e-02 3.12500000000000000000000000000000000000000000000000000000000e-02 1 2.49359126217280902819400457201888723659104847342484591033339e-10
Xg-d 1.95312500000000000000000000000000000000000000000000000000000e-03 3.12500000000000000000000000000000000000000000000000000000000e-02 3.12500000000000000000000000000000000000000000000000000000000e-02 3 1.17768269606446170500399754499776608293674830536547206533283e-12
Xg-d 1.95312500000000000000000000000000000000000000000000000000000e-03 3.12500000000000000000000000000000000000000000000000000000000e-02 3.12500000000000000000000000000000000000000000000000000000000e-02 5 5.91819085211607598203451144409832978382660857240945799584197e-15
Xg-d 1.95312500000000000000000000000000000000000000000000000000000e-03 3.12500000000000000000000000000000000000000000000000000000000e-02 3.12500000000000000000000000000000000000000000000000000000000e-02 7 3.13505283424020484718870529853970399221235275440734604227363e-17
Xg-d 1.95312500000000000000000000000000000000000000000000000000000e-03 3.12500000000000000000000000000000000000000000000000000000000e-02 3.12500000000000000000000000000000000000000000000000000000000e-02 9 1.73631163739534169087045324562507987638337139567979526683317e-19
Xg-d 1.95312500000000000000000000000000000000000000000000000000000e-03 3.12500000000000000000000000000000000000000000000000000000000e-02 3.12500000000000000000000000000000000000000000000000000000000e-02 11 9.98481832709227342223309546074086720809782859499745348235998e-22
